24.73931,12.08704,10.56692,21.17246,2.18208,4.09342,67.56649,110.31123,41.42211,67.92844,118.71410,43.01318,63.62939,113.96566,45.32157,1.00000
21.20879,12.27940,10.37074,22.04701,3.33209,3.92224,70.05802,107.14346,43.49042,69.86071,118.52206,42.84722,64.27409,115.59998,40.94869,1.00000
20.07450,9.58199,9.45281,22.05175,2.30843,3.94840,70.03540,103.99640,40.82129,69.57560,116.99019,40.61119,63.36812,116.12446,40.21422,1.00000
20.11305,10.20605,10.37021,22.17771,2.72917,3.90513,70.31211,105.12795,41.91537,69.97570,117.98117,41.83927,64.19724,116.46088,40.44793,1.00000
20.66807,10.85650,10.03796,21.79275,2.37173,3.88547,69.02811,107.07053,42.74592,68.59683,119.23019,41.97677,62.74201,116.89951,40.19235,1.00000
21.43059,10.84915,9.97893,22.08434,2.38434,4.13457,69.85503,105.44434,42.31898,69.68591,116.50405,41.81119,64.28109,113.21325,41.08805,1.00000
20.78452,11.11608,10.25953,21.86343,2.31836,3.87763,69.19206,104.78892,42.11977,68.93574,116.30411,42.25291,63.16031,113.97554,41.05711,1.00000
20.29909,11.22837,11.10614,22.12366,2.07330,3.94481,68.22168,106.20442,41.15946,67.54458,118.56193,41.01565,61.59031,117.22453,40.65485,1.00000
20.44292,11.91946,11.72740,21.82803,2.08886,3.55498,68.77790,106.71363,41.00393,68.25161,118.17189,40.67211,62.89465,116.57407,40.33068,1.00000
19.82817,11.71300,11.84241,22.42674,2.60575,3.60106,69.29462,106.79249,41.45992,68.66964,118.41612,41.24690,63.72183,117.41228,41.17003,1.00000
20.77587,12.51029,12.45938,22.28640,2.69965,3.30806,68.49737,107.22346,42.60330,67.76708,118.91893,41.99985,62.45952,118.05740,41.03821,1.00000
20.37586,11.90785,13.66191,22.09637,2.72720,3.49848,69.00482,106.41579,41.16582,68.45554,118.12179,41.15281,63.90788,117.37916,40.87449,1.00000
20.12137,10.78403,11.37485,22.03603,2.87408,3.48388,69.13588,105.38887,41.39607,68.77070,117.50906,41.71205,63.33630,116.94769,41.37686,1.00000
20.42830,11.22794,12.62942,22.15308,2.35225,3.39295,68.50683,106.04485,41.11341,67.45694,118.83077,40.20175,62.34650,118.39514,40.18483,1.00000
19.93461,9.91970,10.35168,22.34437,2.59495,3.55392,69.66243,105.74380,41.28650,69.47825,118.16982,40.94618,63.67361,117.65956,40.61333,1.00000
19.96726,9.47419,10.99413,22.26374,2.35979,3.48545,69.24214,105.51573,41.17258,68.30736,118.44707,40.38498,62.45203,117.50499,40.26210,1.00000
19.77499,10.06032,11.51469,22.39796,2.74555,3.48708,69.73761,105.78806,41.20603,69.45117,117.98579,40.96633,64.21229,117.04721,41.07924,1.00000
20.30917,10.98187,11.60294,22.35812,2.52824,3.27907,69.17502,105.74305,41.85277,68.27573,118.17861,41.51544,62.74107,117.18743,41.30269,1.00000
20.95519,10.97392,11.63401,22.20764,2.24062,3.39784,68.95366,106.15677,41.51163,68.17516,117.79411,41.15427,62.68029,116.24262,40.62342,1.00000
20.65691,10.91768,12.45638,21.96255,2.47672,3.40958,69.49182,105.31832,41.63803,69.02068,117.29953,42.13858,63.83820,116.22062,42.00612,1.00000
20.35507,10.22917,10.97986,22.75067,2.60521,3.49125,69.51935,105.57673,41.09239,68.69978,118.01618,40.84701,63.24433,117.21264,40.54671,1.00000
19.86694,9.82350,11.74457,21.98579,2.61779,3.29300,69.01806,106.32864,41.78385,68.41831,117.82003,41.81042,63.24953,116.58053,41.35656,1.00000
19.81129,10.03142,11.02786,22.45104,2.53295,3.52035,69.35859,105.70877,40.74603,68.79711,117.77029,40.93720,63.44689,117.03879,40.82351,1.00000
20.21000,10.11246,11.86131,22.12480,2.65563,3.39684,69.58155,105.47084,41.48036,68.98181,117.22869,41.91978,63.57730,115.91002,41.81035,1.00000
20.16971,10.14068,11.35456,22.23618,2.48635,3.49382,69.54288,105.54373,41.19081,68.77025,117.57456,41.38488,63.51771,116.63574,41.41173,1.00000
21.48473,11.13118,11.68419,22.13531,2.53446,3.51752,69.67079,105.32429,41.76733,69.30715,116.16389,42.81147,63.99749,113.77081,42.47094,1.00000
21.18289,11.68951,11.84500,22.20111,2.64145,3.38792,69.93689,105.00457,41.79003,69.95018,116.11259,43.10131,64.70819,113.96055,43.63157,1.00000
21.55645,12.42686,9.27947,21.59021,2.63393,3.67017,70.09005,104.91024,43.65587,70.63184,116.11087,44.89438,65.11627,112.74242,43.97087,1.00000
21.78885,12.13346,9.45401,22.49768,2.58238,3.62118,70.75619,104.44486,43.41801,71.21020,115.79539,43.89260,66.12709,112.81480,42.63951,1.00000
20.86685,13.31354,9.62736,22.41379,3.18939,3.29988,70.26896,106.07581,44.52865,70.38147,117.28954,44.30300,64.33144,113.97145,42.66108,1.00000
21.37633,12.60401,9.93559,22.48306,3.02887,3.42291,70.61031,105.13813,43.84134,70.90263,116.09266,43.89564,65.23442,112.46699,42.80233,1.00000
21.51336,13.20481,9.65693,21.97319,3.05506,3.62972,70.39363,106.07870,43.89608,70.64057,117.17851,44.30260,64.76839,113.39865,42.59642,1.00000
21.58211,12.25562,9.78678,21.75089,2.53224,3.92875,70.49328,105.55639,43.15267,71.12025,116.44486,43.81931,65.64348,112.56496,42.53696,1.00000
21.49322,11.68348,9.68882,21.98661,2.47422,3.95626,70.50119,105.30739,42.72513,70.93596,116.35124,43.26004,65.57145,112.45233,41.91529,1.00000
21.43715,11.61787,9.93905,21.82835,2.33779,3.85683,70.34872,104.94153,42.44456,70.85044,115.87813,43.23323,65.66407,112.26637,42.42468,1.00000
21.57758,12.42368,10.87284,22.18270,2.66728,3.80882,70.80762,104.80724,42.68951,71.09090,115.99006,43.66926,65.90476,112.95363,43.03971,1.00000
21.30034,12.52404,10.32625,21.87008,2.65039,3.78388,70.36586,104.58369,42.94775,70.92564,115.63192,43.67042,65.88097,111.96040,42.95829,1.00000
21.13940,11.45597,9.48835,21.99085,2.61749,4.01817,70.17056,105.39492,42.89219,70.66928,116.49570,43.33490,65.42505,112.57783,42.06521,1.00000
21.06383,11.65249,10.84374,22.18572,2.57713,3.84298,70.85309,104.19951,42.55013,71.25856,115.45535,43.62179,66.41094,112.22998,43.30149,1.00000
20.71649,11.82081,9.83991,22.02968,2.68988,4.23038,70.20087,106.36811,42.89125,70.56533,117.42953,43.32506,65.40458,113.78544,41.87444,1.00000
20.71505,12.13361,10.78920,22.08421,2.75278,4.09575,70.77872,105.40967,42.72000,71.04816,116.70327,43.00945,65.76449,113.02712,41.73255,1.00000
20.05361,11.71466,11.11990,22.16584,2.67984,3.96602,70.27368,105.27780,42.15401,70.60500,116.93891,42.33637,65.60160,114.39953,41.88423,1.00000
20.38082,11.26302,11.17292,22.15623,2.85447,3.62823,69.99932,104.65096,42.11021,70.17757,116.31314,42.44083,65.20114,113.70791,41.99337,1.00000
20.55139,10.67065,11.17090,22.36755,2.75331,3.53869,69.97139,104.80871,41.81985,69.91698,116.56428,42.61834,64.77951,114.71843,42.20455,1.00000
20.78345,10.76276,12.04197,22.31756,2.80291,3.57181,70.08255,105.35725,41.31637,69.86274,116.45679,42.19513,64.52564,115.09610,41.97089,1.00000
21.34246,10.37638,11.64825,22.67217,2.47487,3.66843,69.82767,105.52602,41.07813,69.40741,116.75722,41.57476,63.68353,115.09820,41.39018,1.00000
20.96072,10.69986,12.67822,23.09484,2.85913,3.20599,70.20727,105.36788,41.60918,69.94148,116.62809,42.12121,64.58615,114.92938,42.02195,1.00000
20.76496,11.77626,11.76247,23.06401,2.90837,3.20990,70.34432,104.08655,42.64786,70.06101,115.93978,43.05882,64.72630,113.93763,42.83579,1.00000
20.50301,11.74140,10.89886,23.31175,2.51803,3.88399,70.53308,105.05893,43.10381,70.35645,117.06301,43.62103,64.97918,114.61299,42.42711,1.00000
20.97805,11.80852,10.83259,22.92154,2.86934,3.59602,70.11067,105.39107,43.30254,70.15231,117.01012,43.60619,64.65871,113.86656,42.31303,1.00000
20.91970,10.94912,11.14221,23.36799,2.71340,3.54227,70.03717,105.26937,41.98054,69.97558,117.15046,41.81645,64.63790,115.16273,41.49124,1.00000
20.75307,10.95259,10.86213,22.69397,2.77156,3.44570,70.42416,104.32570,42.84326,70.45834,116.26943,43.46331,65.00490,113.49350,43.23016,1.00000
20.76695,10.49366,10.78246,23.07051,2.99206,3.31534,70.18824,104.54413,41.70965,70.15163,116.68438,41.94950,64.72637,114.56459,41.66313,1.00000
20.56335,11.77812,12.29103,23.01346,3.56081,2.91572,70.54770,103.97289,41.75303,70.40762,115.53905,42.82705,65.31917,113.50212,42.88108,1.00000
20.88134,13.07188,13.27733,23.01042,3.57688,2.78351,70.20000,104.77542,42.29602,69.67925,115.90370,43.04413,64.89688,113.99943,42.69351,1.00000
21.07663,12.78303,13.09298,22.91674,3.66731,2.80990,69.97657,105.06327,42.30286,69.61667,115.95162,43.21590,64.94169,113.88829,43.01487,1.00000
21.17946,12.15263,12.71730,23.10697,3.21260,2.95227,69.76536,104.63376,41.84012,69.52971,115.59139,42.69469,64.55862,113.25091,42.75028,1.00000
21.28983,12.14762,12.89563,23.02262,3.16637,3.14875,69.86080,105.35213,41.76049,69.53383,116.15569,42.34762,64.80117,114.12745,42.27001,1.00000
21.20904,12.47326,12.54484,23.20681,3.05595,2.91373,69.56956,104.74615,42.22150,69.10685,115.81362,42.66904,64.08215,113.77118,42.54779,1.00000
21.35694,12.00650,12.91456,22.97622,3.08249,2.91831,70.20350,104.28878,42.61352,69.88281,115.45615,43.48426,65.10497,113.18797,43.25819,1.00000
21.33017,10.80176,11.68889,23.26889,2.30933,3.55865,69.83869,105.28508,41.73217,69.78316,116.91203,42.21306,64.29794,114.85245,42.40831,1.00000
21.00933,12.22170,13.35106,23.32404,2.22880,3.97820,70.17940,105.54437,42.28242,69.67272,116.93313,43.03490,64.50142,114.85280,42.68910,1.00000
21.68757,11.57567,11.29396,23.87540,1.95795,4.49708,70.37916,104.63526,41.84219,70.20048,115.43572,43.12763,64.66671,113.39655,43.04165,1.00000
21.16024,11.76969,10.36343,23.96957,1.94028,4.79750,69.82046,105.81133,41.95735,69.86570,116.97229,42.80763,64.70376,114.13683,42.23432,1.00000
21.78265,12.01094,9.53062,26.50931,1.80661,5.33398,70.15968,105.79340,41.59674,70.03166,116.40294,42.09668,64.65038,113.92755,41.80739,1.00000
22.26435,12.20079,10.41515,26.15855,2.08829,5.48432,69.86154,105.32023,40.65208,69.29579,115.93445,41.41674,63.82413,113.57480,41.41071,1.00000
21.89486,11.74448,9.68180,30.60787,0.68022,4.36420,69.82078,106.28794,41.20146,69.07864,116.08765,41.39846,63.57256,112.87372,41.82796,1.00000
22.03123,9.36457,7.58130,35.10682,0.86836,3.18839,69.43746,107.75668,42.26421,67.50722,116.46368,43.47628,62.18753,112.62479,44.49031,1.00000
20.48305,8.44468,4.72034,41.41545,3.25805,3.58305,68.93170,110.33239,43.96377,66.40837,117.96880,44.43276,60.78898,113.08284,44.81349,1.00000
19.57336,6.39129,2.26561,50.03055,4.71549,4.70634,69.60774,107.74297,45.21231,66.37966,116.07230,44.79415,59.09979,110.66535,46.26514,1.00000
18.62115,8.29022,7.74941,56.13782,5.72946,5.07402,70.65082,110.16615,46.10725,68.48714,116.82415,47.00482,61.77744,112.53249,46.99863,1.00000
18.25208,11.15844,5.51097,59.85750,8.20143,4.80502,70.92700,106.32039,46.79122,68.23657,113.96234,47.19559,62.09093,109.88761,46.08776,1.00000
17.83739,11.00882,4.43456,63.05164,6.59286,5.74199,70.92218,107.81437,45.22097,68.30330,115.57097,44.40851,61.61563,111.72867,43.58449,1.00000
17.85654,9.86879,2.32068,63.26696,7.49897,5.11738,69.91376,109.62957,45.14381,67.20888,117.25161,44.92939,59.86456,114.87574,43.60748,1.00000
17.82132,8.79105,2.32019,63.53475,6.62327,5.12488,69.81497,109.38795,44.34497,67.09293,117.44349,43.27941,59.49136,114.83751,43.03154,1.00000
17.54267,8.75213,2.43601,64.49358,7.49215,5.20086,70.07719,108.52240,44.39992,66.69559,117.36499,41.82756,58.87523,115.36980,42.18243,1.00000
18.04952,8.85331,3.06922,64.38741,7.54662,5.10927,69.96114,108.34784,43.78995,66.32295,117.21572,42.09571,58.68425,115.52182,41.89909,1.00000
17.95050,8.41462,3.59169,64.87096,7.02888,4.81722,70.09626,108.29509,44.85854,66.78800,117.43417,41.18689,58.84448,116.25582,41.13997,1.00000
18.23967,9.02564,4.06702,65.26863,7.49363,5.14750,70.31527,107.99886,45.46929,66.51817,116.88234,41.37113,58.39831,115.66754,40.83812,1.00000
17.77864,9.74099,4.46821,65.91636,6.92786,5.35199,70.39830,107.89985,44.50472,67.11414,117.07651,40.87026,59.83773,115.84809,41.55153,1.00000
18.52076,8.31036,3.84235,66.80608,6.79129,4.63138,71.63730,107.81583,45.33887,68.24534,116.49946,40.88143,60.69135,113.97289,41.47101,1.00000
19.34241,8.47228,5.22879,66.69737,6.70491,4.54279,71.36396,107.88333,44.40636,67.73639,117.34837,40.50153,60.26248,115.28694,41.39973,1.00000
19.15643,8.23455,5.60708,67.49296,6.48162,4.41434,71.96776,106.77698,44.23694,67.59682,116.86598,39.31915,59.68539,114.50416,41.20147,1.00000
19.20542,8.03765,4.71912,68.05386,6.37759,4.23725,72.77185,106.49879,45.32808,68.62718,116.56194,39.88150,60.90208,114.50357,41.29097,1.00000
19.24991,7.59424,5.25101,69.12903,5.40327,2.70579,73.50767,105.17634,45.09098,68.93459,115.95004,39.35574,61.19566,115.60282,40.52152,1.00000
19.38209,8.03307,4.81928,69.17835,6.11839,3.26255,74.18346,105.16291,44.94823,68.92426,116.51469,39.67632,60.57080,115.42955,40.59073,1.00000
18.92882,7.97672,5.30201,69.16268,5.93486,3.42460,74.15962,104.80477,44.12435,69.26509,115.57282,38.99632,60.48010,114.81295,40.26210,1.00000
19.13850,8.05346,5.95557,68.45391,5.84976,3.11599,73.69063,104.65073,43.19597,68.76043,115.41386,38.25613,60.21477,114.38117,39.64652,1.00000
19.62570,7.99432,5.76330,67.13737,6.57030,3.03785,72.54630,105.27181,44.29558,67.21281,116.65013,39.21798,59.16340,115.50678,39.68247,1.00000
19.12051,8.48860,5.05755,65.87546,6.44242,3.58058,71.46628,107.69454,43.42788,68.22585,116.38475,42.05104,61.46391,113.34576,43.30059,1.00000
19.11274,8.40564,5.73907,63.01912,8.44332,4.38338,71.14206,108.54805,44.99706,67.74996,116.78290,44.87677,60.21349,114.16475,43.95966,1.00000
20.01757,9.42941,6.22737,57.77388,6.38029,4.39219,69.85991,109.33027,43.61549,67.86271,116.86495,44.42767,61.12067,113.51759,43.60549,1.00000
19.98910,10.41180,2.96094,53.48569,9.39439,3.63067,70.38420,106.26884,43.75610,68.05085,114.47619,46.67869,62.42401,108.89990,46.18199,1.00000
25.71011,15.30501,4.68203,36.40832,4.36043,2.91143,70.12219,106.69691,42.25699,68.51790,115.32990,44.82845,61.37231,113.03045,44.01347,1.00000
22.46520,12.43697,13.14977,27.08197,6.49448,2.05039,72.12968,100.77644,40.71307,70.12988,112.17977,42.77953,66.58544,109.54416,43.38554,1.00000
21.38635,14.08822,13.20607,22.90771,7.11389,2.17375,70.89310,103.22464,41.73994,70.91815,112.99841,44.64198,67.30037,110.53478,44.41370,1.00000
22.25332,11.51815,11.44741,19.31222,5.76082,2.42853,70.05335,102.67679,42.20939,70.01604,112.68713,45.21624,67.03531,110.41660,45.05368,1.00000
22.79397,13.02636,11.43357,18.01914,6.84973,3.04518,70.31952,102.77278,42.65333,70.53379,113.04188,44.79790,66.77135,110.51176,43.49053,1.00000
22.88902,10.86725,9.67489,16.92418,6.34398,3.24749,69.41158,101.59268,41.91159,69.46516,112.63685,43.49059,65.62009,110.03602,43.06478,1.00000
22.83982,11.43297,9.79786,16.42744,7.10140,2.90064,69.69097,102.90176,42.75375,69.28040,113.76842,44.03715,65.01441,110.97955,42.38601,1.00000
22.45515,11.98022,10.09377,15.97233,7.45805,2.77952,69.75405,102.63175,42.83590,69.12803,113.21994,44.16802,64.97381,110.83015,42.41396,1.00000
22.83338,11.13296,9.26350,15.50560,6.75450,2.65826,69.85990,102.09863,42.94367,69.54823,112.86272,44.42940,65.07640,110.39631,42.59397,1.00000
23.03684,10.97471,7.65522,15.64242,6.83365,2.58695,69.45365,102.74608,41.97789,69.58347,113.52453,43.09188,64.33659,111.72913,41.77420,1.00000
21.83498,12.00315,12.10708,15.10428,7.22567,2.61051,69.34586,103.62566,43.23006,68.88824,114.22692,44.48640,65.42034,111.42996,43.43087,1.00000
21.95323,12.71924,10.62839,14.63974,7.46508,2.81627,69.26827,103.35198,42.39767,69.51104,113.09540,44.85673,64.72546,111.02903,42.89398,1.00000
22.13003,13.33436,11.56938,14.18515,7.23615,3.00239,68.04821,103.28510,42.47318,68.14478,113.35848,44.26201,63.46570,111.73300,42.70665,1.00000
21.77973,12.80476,10.72707,14.58135,8.05757,3.01602,67.96042,104.36410,41.97549,67.89948,113.70247,44.40031,64.30032,111.54136,42.76112,1.00000
21.62514,13.49192,12.13367,14.45732,8.39918,3.38956,68.12596,103.86733,42.43513,67.96728,113.58528,44.46472,64.36663,111.55302,42.80699,1.00000
20.63714,14.03098,12.61388,14.68959,8.67850,3.82279,68.71294,104.32071,43.55988,68.34217,114.12056,44.88812,64.95853,112.98874,42.71107,1.00000
21.59069,13.39633,10.65106,14.84300,8.96294,3.55527,69.20367,103.33813,42.81121,69.01986,113.20384,44.55908,64.61909,111.70350,42.47474,1.00000
21.73485,13.18052,10.91290,14.55542,8.52551,3.55265,68.92932,102.83937,42.78956,68.78849,112.81431,44.57471,64.78192,111.13507,42.83737,1.00000
22.03584,13.62795,10.42211,15.08542,8.93472,3.54581,68.98769,103.64358,42.85925,68.76030,113.70600,44.22937,64.47302,112.40325,42.53222,1.00000
21.24044,13.16032,10.77109,14.70733,8.62842,3.44439,68.67751,103.76790,42.46193,68.22723,114.07403,43.99972,64.14608,113.18808,42.15388,1.00000
22.14320,13.66182,10.94428,14.99201,9.13276,3.51753,68.50884,103.74233,42.62305,68.24272,113.62053,44.24254,63.91125,111.95422,42.71344,1.00000
21.86460,12.73692,11.16519,16.21091,8.05785,3.49491,67.89483,104.78586,42.05857,67.96204,113.94270,44.08542,64.41463,111.48528,42.78208,1.00000
21.91033,13.43813,12.20658,16.85755,8.13597,4.27857,67.82213,106.12227,43.38661,67.43323,115.20432,44.47085,64.12140,112.70985,42.86316,1.00000
20.78192,12.95131,13.05137,18.80655,8.73984,4.81180,67.51471,105.75749,43.49819,67.44056,114.48294,43.81019,64.45663,111.42987,42.71852,1.00000
22.16144,11.91429,11.32703,19.76857,8.12049,4.48933,66.81613,105.38159,42.60450,66.79636,113.79133,44.18645,63.93859,110.31992,43.64397,1.00000
20.93213,12.08870,9.02300,22.55974,9.03456,4.17862,67.09223,106.02357,41.07080,66.81909,114.02685,42.87026,64.16834,109.20191,42.87462,1.00000
21.65727,11.48050,8.10907,26.32373,9.98344,4.17452,67.82487,106.25684,40.83369,67.60480,114.71421,42.11308,63.99181,109.39458,42.48714,1.00000
22.37263,10.87204,7.29487,28.85901,9.01673,3.91567,67.71743,106.35158,40.85518,67.25666,114.67792,41.84065,63.13025,109.53893,42.78224,1.00000
22.66646,12.47409,7.97986,33.24224,10.40184,4.18967,68.13302,106.69423,41.41352,66.87236,114.23182,43.41940,61.01976,108.97731,43.68104,1.00000
22.84078,10.59762,5.12145,36.92525,10.40118,5.20404,67.67896,109.14777,41.39400,65.81763,115.65171,43.71281,60.28053,108.89687,43.41197,1.00000
21.22716,9.49468,3.31968,43.67015,8.25653,5.74225,67.19825,111.23830,42.69158,65.24763,118.44740,43.15243,59.76559,112.13816,43.52835,1.00000
20.84116,9.88082,4.46396,48.62894,8.05255,6.40748,67.77455,109.58473,44.93925,65.88213,117.52822,43.94483,59.72376,111.98340,44.71052,1.00000
19.78279,10.45990,1.67240,51.77131,8.02417,5.55708,66.29466,111.68172,42.41016,64.14007,119.35948,43.00202,58.33210,114.80525,43.16459,1.00000
21.88475,10.69715,2.67301,50.69517,9.20431,4.33726,67.20480,107.99835,40.78628,65.52559,116.10920,42.64240,60.17509,111.47826,43.06953,1.00000
20.91267,10.37087,1.35548,50.31865,9.10132,4.26314,67.56038,109.99856,42.21763,65.85963,118.14000,44.24488,60.33815,114.78972,43.48436,1.00000
21.62230,10.00286,2.23050,49.47299,9.02398,4.22765,67.58901,110.08908,41.87207,66.11215,118.34190,43.79238,60.09336,115.33168,43.69829,1.00000
21.51336,9.43795,2.19581,49.54162,9.36817,4.46063,67.51205,109.88065,42.15636,65.70166,118.23480,43.76569,59.43395,115.24920,43.25890,1.00000
21.39189,9.78654,2.62928,49.61203,8.97161,4.54252,67.87128,110.43092,43.27898,66.14232,118.26315,44.64720,59.63693,114.94031,44.41707,1.00000
21.76170,10.56693,2.78567,48.44050,10.04410,4.49829,67.18807,109.22868,41.51594,65.63120,117.67210,43.32783,59.77610,114.86275,43.42293,1.00000
21.98636,10.78832,3.60931,47.53757,10.40526,4.63589,67.36602,108.62309,41.04936,65.86664,117.00529,42.67444,60.16867,114.07851,43.04719,1.00000
22.56950,10.72651,3.99433,45.19775,10.49279,4.39384,67.14886,107.99215,41.65304,65.52225,117.14707,42.30910,59.31900,113.94649,42.59891,1.00000
23.83098,14.51513,5.76670,37.30443,10.37115,4.81427,70.31804,106.91467,44.30752,69.11623,116.63883,43.64555,62.26911,112.99988,41.70034,1.00000
23.47297,17.44155,10.98378,27.89573,8.52953,3.21618,71.08824,104.58066,44.59378,70.63822,112.82569,46.32035,65.29694,109.85815,45.55549,1.00000
24.05090,14.58219,11.82571,21.61497,8.74103,3.12258,68.94772,104.41105,41.34018,70.21193,112.82806,43.97961,66.52353,110.06219,43.83518,1.00000
22.44025,13.69040,14.05776,18.83295,7.71903,4.22603,69.58547,103.16203,43.17858,69.96521,112.00306,45.04079,65.89641,108.75977,44.26220,1.00000
22.23319,13.67324,12.87398,17.83178,8.45360,4.24700,69.43531,104.93016,44.15842,69.91988,113.21279,45.54965,65.88361,109.12189,43.39142,1.00000
23.65270,13.21143,11.31089,17.57260,8.21895,4.35467,68.61771,102.89852,43.04387,69.06946,112.19022,44.61083,64.29473,108.92205,42.66896,1.00000
22.83538,13.68915,13.22952,17.07297,8.19664,4.54519,68.42918,104.58235,44.51093,68.38915,113.98849,45.44987,64.59583,111.16192,42.81093,1.00000
22.98785,13.16079,11.26091,17.45965,8.58207,4.33028,68.73373,104.60848,43.19521,68.88314,113.47384,44.21753,64.62120,110.09198,42.37414,1.00000
23.32457,13.98037,12.13893,17.30555,8.76034,4.64943,68.88753,104.46564,44.09389,69.08272,113.25110,44.83947,65.32749,110.08713,43.28507,1.00000
22.33824,13.82125,12.06717,17.37885,8.48035,4.73481,69.42771,104.07880,44.15302,69.38426,113.08445,44.74244,65.41597,110.19380,42.68006,1.00000
21.57971,14.06399,13.32644,17.50613,8.25354,4.63875,69.78189,104.44489,44.92906,70.25047,113.21935,45.58060,66.71140,109.60497,44.28728,1.00000
22.03588,13.21544,14.50872,18.66567,7.72134,4.21614,68.65131,104.82973,43.65262,68.80891,113.60135,43.90928,66.15415,109.49301,43.05402,1.00000
21.64298,12.42601,12.69533,19.05887,7.21507,4.12296,68.87543,104.50771,43.55555,69.55893,113.25348,44.85355,66.78946,109.28397,44.84316,1.00000
21.47230,12.34004,12.86497,21.80745,7.78157,3.34912,68.89609,106.85245,43.47191,68.98647,114.88004,44.33996,66.27026,109.96842,43.67622,1.00000
21.11623,10.94587,9.73513,25.82887,7.54265,2.91240,69.59807,104.37558,43.30332,69.67886,113.72898,43.97423,66.16379,108.62518,44.04900,1.00000
20.92558,9.34302,7.28391,32.12254,8.80744,3.83091,70.64750,105.92296,43.20123,69.12391,114.68568,43.58205,63.95344,108.57191,43.25793,1.00000
22.88041,11.31642,5.19482,35.35022,8.05179,4.18221,69.72262,108.69700,43.81854,67.70131,115.97042,44.79697,62.35244,109.42064,45.43175,1.00000
20.01111,7.60089,3.21868,47.34977,7.92331,5.81799,71.38735,108.06600,46.61119,68.08641,115.75634,46.88221,61.43085,109.26165,46.03924,1.00000
19.12542,9.23653,4.42895,50.69299,7.05179,6.34821,70.85862,107.77151,46.80601,69.39002,115.25269,46.44899,63.26034,109.18309,47.59164,1.00000
19.20216,10.88680,4.19362,52.84841,8.19510,5.23927,70.02564,107.37400,44.43091,67.29772,115.79725,44.60003,60.88769,110.13249,45.74432,1.00000
20.36218,11.79758,3.63627,51.53860,9.33608,4.20460,70.50192,106.25250,42.68046,68.29981,114.44167,43.43980,62.44755,109.06486,45.30994,1.00000
21.25119,10.89397,3.19907,49.28903,9.62365,4.45641,69.79076,108.47983,43.82168,67.38122,116.87640,45.01073,60.60585,113.22599,44.63937,1.00000
21.85343,10.67263,4.18979,48.09328,8.98834,5.37477,70.20803,110.87965,45.48707,68.41373,117.36670,46.84764,61.91791,112.55297,45.48614,1.00000
22.28526,11.22714,2.87003,44.41112,9.22309,4.96459,69.45713,111.10018,44.48338,67.22120,118.59284,45.41937,60.75350,113.61818,44.08234,1.00000
24.02229,12.89860,4.51295,38.47134,9.23930,4.30960,70.46323,107.65622,44.28571,68.63406,116.40720,46.29333,62.12364,111.28598,44.98303,1.00000
22.02073,15.31660,12.53767,31.84999,9.77751,3.37903,72.76401,103.77346,43.96209,70.90679,113.44241,46.38153,65.12886,109.82983,45.56763,1.00000
22.90320,13.61046,12.81305,23.75783,7.57859,3.07991,71.34620,101.90455,43.48834,71.08527,111.31830,46.15138,67.17118,107.63912,45.52543,1.00000
22.13017,15.78187,16.55712,18.79177,8.83915,3.63144,71.90575,103.07589,43.64722,71.76216,110.99518,46.54275,68.36358,108.74370,44.90252,1.00000
23.96421,12.92844,10.88661,16.43799,8.52033,4.27745,70.30087,103.12008,45.84127,69.64820,112.94007,46.15845,64.04786,110.32520,41.68153,1.00000
22.53870,13.52384,12.89705,14.47077,8.16964,3.62390,70.16163,103.38352,44.19852,69.70194,113.26860,45.14160,64.75063,109.87291,42.19322,1.00000
22.79164,12.97759,10.35518,13.57067,8.20534,3.54306,69.78870,102.43637,43.81464,69.82048,112.24758,45.55458,64.87122,110.29509,42.47865,1.00000
21.87480,13.93945,12.78927,12.97825,7.98085,3.49385,69.98128,102.99048,44.47562,69.75039,112.73236,46.01055,65.36245,109.31964,43.26734,1.00000
22.20518,13.66800,9.84176,14.06471,9.00781,3.59337,70.04385,103.31972,44.12515,69.78258,113.20190,43.98729,64.76715,111.77509,41.43935,1.00000
21.80811,13.67569,12.12456,13.20655,8.10045,3.53028,70.58368,103.30866,45.25530,70.26057,113.09383,46.31589,65.77777,109.58350,43.53306,1.00000
23.35087,11.82922,6.45184,13.96220,9.02414,3.31713,69.98392,104.18219,44.30189,70.34712,113.74487,44.46216,64.62578,111.50531,41.81183,1.00000
22.73885,14.32634,11.83446,13.42607,8.29838,3.66979,70.22790,103.28187,45.56898,69.66377,112.88255,46.56398,65.14488,108.80011,44.15464,1.00000
23.03073,10.08432,4.07732,14.80336,8.48338,3.18075,69.99652,103.02106,42.84305,70.25455,113.21787,42.70218,64.24085,110.83824,40.32377,1.00000
22.74074,14.08585,10.74883,13.32519,8.18040,3.57108,70.08684,103.14360,45.16514,70.04621,112.41284,46.72707,65.59581,108.13867,43.62984,1.00000
23.22182,11.11594,5.83687,14.77528,8.53037,3.06964,69.67549,103.45083,42.82928,69.96432,113.82012,43.12145,64.29736,112.06175,41.45293,1.00000
22.30842,13.20135,10.74946,13.81150,7.99016,3.50487,69.76154,102.62549,43.58219,69.71718,112.14712,45.59557,65.02258,109.09461,42.89712,1.00000
22.90476,12.68374,9.15511,14.31430,7.70700,3.14750,70.09509,102.72617,43.52102,70.05285,112.67784,44.47037,64.68535,110.42253,41.92499,1.00000
22.70539,13.35756,10.99986,14.42365,8.11814,3.50902,70.27434,103.30362,44.61497,70.23717,112.65193,45.87314,65.46679,108.96086,43.19413,1.00000
22.64173,13.29301,11.49413,13.97389,7.91863,3.39015,70.34754,102.96711,44.70425,70.30774,112.60752,46.12347,65.63461,109.17846,43.16898,1.00000
22.33450,13.75520,11.01823,14.28928,7.40189,3.13224,69.99288,102.47297,44.05739,70.05080,111.87432,45.49293,65.45953,108.62356,43.29456,1.00000
22.81704,12.21152,9.37184,14.90102,7.41052,3.46814,70.19320,102.35862,43.89374,70.19827,112.04195,44.85061,65.16705,109.06776,42.18033,1.00000
22.51290,13.01305,11.31649,15.00363,7.68893,3.54978,70.28566,103.10884,44.82136,70.53811,112.85836,45.77423,65.49928,109.85353,42.85572,1.00000
22.45087,12.69215,10.58150,15.32004,7.27466,3.59510,70.30580,102.98650,44.85884,70.58122,112.60619,45.85715,65.54691,109.66382,42.71733,1.00000
22.80784,12.46463,8.92010,15.90738,7.75886,3.86464,69.99174,103.31023,44.15657,69.98702,112.34495,45.32871,65.13613,108.28117,42.40937,1.00000
23.07276,13.38164,11.36731,15.83298,7.41983,3.74587,70.01196,103.73950,45.37022,69.80361,112.94227,46.17600,65.34860,108.60905,43.44381,1.00000
22.98044,13.54188,11.20035,15.96919,7.55862,3.96421,70.06792,103.30252,45.36483,69.98274,112.50339,46.23387,65.17757,108.18983,43.21761,1.00000
23.30456,13.46709,11.14680,15.91030,7.58992,4.02527,69.95555,103.33533,44.97932,70.03709,112.60560,45.76965,65.63819,108.39929,43.08032,1.00000
23.03559,13.70754,11.91096,15.73264,7.39289,3.89998,69.61471,103.61777,44.29716,69.66217,112.55930,45.52250,65.32164,108.36350,42.74898,1.00000
23.40340,12.82995,11.56350,15.97483,7.48754,3.82134,69.51968,103.71214,44.61407,69.50255,113.04586,45.64607,65.28797,108.58762,43.30508,1.00000
23.47905,13.20689,12.19504,15.76417,7.52125,3.98204,69.65868,104.06348,45.18966,69.75457,112.78563,46.23296,65.83143,107.69561,43.84180,1.00000
23.14588,13.25270,11.23445,15.81128,7.16713,3.87728,70.04966,102.78546,44.37858,70.04033,112.06941,45.24940,65.70017,108.13416,42.84585,1.00000
22.88369,12.87592,11.86616,15.73748,7.16930,3.98322,69.67062,103.68972,45.57047,69.76876,112.86930,46.48565,65.80730,108.51077,44.31891,1.00000
22.90316,12.65917,10.02823,16.19771,7.39143,3.91646,69.60852,103.41239,43.80215,69.51151,112.70687,44.47782,65.30063,108.71510,42.12952,1.00000
22.76194,13.17154,11.64505,15.92905,7.22489,3.87158,69.44315,103.78907,44.51411,69.49190,112.93127,45.59501,65.43623,108.45808,43.57685,1.00000
23.12359,12.97408,11.20142,15.77878,7.04554,4.01772,69.63366,103.44635,44.75074,69.61688,112.91518,45.40676,65.56775,109.22464,43.03588,1.00000
23.11520,11.96924,8.36488,16.58389,7.60429,3.64544,70.22368,102.82041,42.67675,70.07644,112.70716,42.83451,65.36654,109.81412,41.17383,1.00000
23.29739,12.62949,10.15992,15.90139,6.97383,3.75844,69.48603,103.44211,44.27194,69.50440,113.06295,45.05797,65.46513,108.49495,43.18672,1.00000
23.33985,12.11133,10.16952,15.84619,6.88245,3.78802,69.47239,103.02969,44.26913,69.79549,112.63040,45.04441,65.61760,108.37218,43.36864,1.00000
23.24491,12.68637,10.55425,16.04681,6.96246,3.69385,69.84043,102.87452,43.60365,70.03988,112.56868,44.17317,66.00999,109.37765,42.50560,1.00000
23.36691,13.16922,10.39112,16.30722,7.08336,3.69529,69.51611,103.00807,43.53741,69.48370,112.32937,44.20768,65.50823,108.11880,42.79001,1.00000
23.25235,12.87766,10.48594,16.25339,7.04527,3.75242,69.82452,102.80660,43.78301,69.99869,112.34167,44.43438,65.95145,108.16184,42.99482,1.00000
23.07434,13.50834,12.22681,16.30148,6.96637,3.67816,69.65054,103.44649,44.02541,69.59913,112.94174,45.23272,65.93530,108.35358,44.12080,1.00000
23.06252,14.45783,12.20384,16.54042,7.20141,3.80482,69.72773,102.98699,43.23955,69.94677,112.20906,44.24700,66.28330,108.43667,42.91818,1.00000
22.75819,13.28927,12.02435,16.43114,7.02123,3.74571,69.50800,102.79202,43.55901,69.69182,112.40091,44.67923,65.99593,108.10553,43.56434,1.00000
22.85140,13.00821,11.20896,16.56717,7.07211,3.78690,69.78100,103.26558,43.67279,69.99766,112.67321,44.14633,65.97566,108.38874,42.53537,1.00000
22.89189,13.27760,9.43051,17.27109,7.42114,3.87069,70.87307,102.70312,43.65963,70.77236,111.80682,43.45467,66.52896,108.36561,41.72475,1.00000
22.73783,12.69627,11.62325,16.68334,7.45078,3.87762,69.62890,104.56618,44.38032,69.93439,113.29845,46.02651,66.34421,108.17122,44.40111,1.00000
23.05615,13.53643,11.88114,16.80453,7.01543,3.97594,69.65649,102.45579,43.35198,69.74753,112.06422,44.02850,66.04483,108.09715,42.47622,1.00000
22.94735,13.61634,11.52604,17.01059,7.23638,3.93580,69.86203,103.02030,43.55390,70.04626,112.10345,44.44055,66.27494,107.40937,43.07911,1.00000
23.05647,14.17201,12.70057,16.87492,7.37510,3.83425,70.04888,104.01980,44.40126,70.16903,113.01644,45.20788,66.50580,108.34288,43.43662,1.00000
23.40154,12.83107,11.30218,17.04834,6.86134,3.79133,69.62192,102.29845,42.95085,69.61630,112.00858,43.87753,65.69029,108.22095,42.29479,1.00000
23.07950,13.14592,12.12005,17.04952,7.15540,3.81142,69.95816,103.60025,44.16565,70.23198,112.71218,45.07829,66.68663,107.82762,43.52617,1.00000
22.99910,13.59272,11.81304,17.07312,7.20063,3.76832,70.15217,103.88212,43.88378,70.41270,112.60133,45.12107,66.63522,107.78016,43.18443,1.00000
23.08407,12.99734,11.51859,17.24827,6.84949,3.69023,70.03510,102.94812,43.43168,70.00123,112.16845,44.22019,66.39750,107.48602,42.52952,1.00000
23.53582,12.91364,10.24764,17.26948,7.26303,3.67431,69.75449,103.65654,42.97099,70.06120,112.62727,43.57516,66.01444,108.40286,42.12070,1.00000
22.79104,12.84423,11.13521,17.36640,6.83331,3.63394,69.80048,103.39928,43.06378,69.74390,112.92507,43.82266,65.70502,108.24173,42.51467,1.00000
22.96095,12.86702,11.19637,17.32209,6.78598,3.65384,70.26003,102.93922,43.71603,70.57767,111.97944,44.77375,66.43049,107.39222,43.36009,1.00000
23.37302,13.75991,11.94246,17.60865,7.23429,3.67041,69.78772,103.41048,42.90440,69.82860,112.18445,44.04248,66.16506,108.06658,42.85673,1.00000
23.32192,13.45676,11.25644,17.39337,7.01008,3.65038,69.57887,103.68937,43.03589,69.91073,112.79627,43.79344,66.00447,108.30803,42.70879,1.00000
22.65206,12.41263,10.24612,17.40497,6.68331,3.41623,70.06527,103.13024,42.61822,70.44244,112.27721,44.12346,66.81158,107.07210,43.18910,1.00000
23.33937,13.13105,11.20107,17.24172,6.98518,3.58661,70.08893,102.76853,42.62191,70.28710,111.75278,43.46725,66.08442,107.35102,41.93034,1.00000
23.25670,12.18257,10.97241,17.38255,6.69007,3.65232,69.99450,102.67184,43.88483,70.18981,112.41173,45.11134,66.15831,107.76690,43.61804,1.00000
23.48461,12.20203,10.97260,17.63116,6.89999,3.62065,69.94140,102.56913,43.06971,70.12236,112.14028,44.05490,66.09144,107.72450,42.60844,1.00000
23.25878,12.69345,11.01370,17.36287,6.52395,3.51791,70.17845,102.58067,43.26801,70.23777,111.98108,44.53824,66.05582,107.75680,42.50429,1.00000
23.55662,12.95438,11.42147,17.38089,6.29244,3.53940,70.08096,102.41366,42.88585,70.26053,111.54684,44.13779,66.47596,107.32599,42.63173,1.00000
23.31366,13.55272,11.98499,17.68869,6.65355,3.51354,69.89649,102.60773,42.87459,70.22230,111.93173,44.36983,66.23894,107.95286,42.90503,1.00000
23.04315,12.92898,11.45456,17.74689,6.52704,3.49749,69.95623,102.76712,43.26292,70.02482,112.09021,44.78461,66.03240,107.79643,43.18983,1.00000
23.00760,12.78181,11.57748,17.85078,6.50072,3.33596,70.11644,102.60168,42.35540,70.13581,111.79374,43.91752,66.22927,107.83223,42.32398,1.00000
23.22083,13.49404,11.62634,17.77320,6.60670,3.50439,70.23278,102.34919,42.66324,70.28640,111.40229,44.34672,66.34902,106.94445,42.98159,1.00000
23.14435,13.49865,12.37852,17.57773,6.47214,3.56542,70.07153,102.72876,42.84114,70.21314,111.81086,44.05630,66.27698,107.55822,42.39080,1.00000
23.10171,13.27692,11.99666,17.96140,6.81361,3.40645,70.20608,103.29566,42.45660,70.53488,112.54171,43.83997,66.86798,107.88371,42.62750,1.00000
23.37518,12.97214,11.74164,17.64100,6.71160,3.51472,70.12263,102.70112,42.95310,70.38066,111.79988,44.24417,66.49682,107.36587,42.66133,1.00000
23.19642,13.59989,11.59295,18.00330,6.70943,3.49116,70.18008,102.51960,42.83486,70.22631,112.20096,43.73847,66.03045,107.87850,42.54671,1.00000
23.36246,13.81497,11.70524,17.87809,6.82998,3.52504,70.27551,102.51331,42.96901,70.33674,112.03189,43.76699,66.16612,107.97466,42.31904,1.00000
23.52245,13.07394,10.92706,17.83045,6.73369,3.42483,69.99899,102.68635,42.09547,70.36840,111.79514,43.38460,66.24712,107.45710,41.96504,1.00000
23.57135,13.06407,11.60741,17.75409,6.71883,3.40430,69.83931,102.75857,42.25534,70.16651,111.83877,43.60469,66.44938,107.55542,42.08294,1.00000
22.72156,13.47669,11.40578,18.02095,6.69088,3.47910,69.88138,102.95919,42.36862,70.23048,112.28349,44.12728,66.89119,107.98518,43.06899,1.00000
23.91628,11.91137,10.66828,17.62086,6.63336,3.46883,69.58042,102.71525,42.54366,69.90677,111.55766,44.01122,66.11237,106.95200,41.91054,1.00000
22.26222,13.26454,11.96244,17.77942,6.64884,3.42239,69.99065,103.19381,42.34479,70.68890,112.34862,44.17549,67.15162,107.54340,43.03098,1.00000
23.60948,12.69507,10.92218,17.49538,6.74220,3.62087,69.61234,102.80031,42.84763,69.69521,111.93915,43.95702,65.82113,107.57390,42.14573,1.00000
23.25254,13.02221,10.83651,17.93477,6.47191,3.29394,70.08153,102.87856,41.75425,70.59026,111.68865,43.58152,66.91538,106.20774,42.36886,1.00000
23.71219,12.61503,10.12024,17.48000,6.42183,3.46534,69.81991,102.61178,42.77776,70.11629,111.59920,43.74104,66.18211,107.31895,41.93072,1.00000
22.99389,13.33761,11.52015,18.01584,6.30829,3.34475,70.32834,102.68256,42.50186,70.61651,111.62544,44.37794,66.98237,106.81792,42.65788,1.00000
23.54693,13.53944,11.98560,17.84019,6.68668,3.45938,69.83137,103.23888,42.97880,69.90791,111.79694,44.80787,66.23078,107.18487,42.65936,1.00000
23.01663,13.27290,10.89981,17.78404,6.40054,3.38344,70.12868,102.51741,41.84348,70.76220,111.38890,43.56980,66.75867,106.33042,41.99998,1.00000
23.63375,12.58990,10.42700,17.69640,6.57204,3.44638,69.62175,102.98335,41.85061,70.27813,111.45987,43.45605,66.47818,106.30977,42.03240,1.00000
23.63865,13.52654,10.80253,17.82699,6.46224,3.27209,69.70077,103.31435,41.17023,70.29481,111.79638,42.86963,66.50564,106.83768,41.70696,1.00000
23.58651,12.58929,10.78232,17.78990,6.32666,3.20696,69.68572,103.62335,42.26433,69.85551,112.34763,43.74748,66.13316,107.45793,42.15440,1.00000
23.05622,13.20096,10.93005,18.14069,6.33855,3.24978,69.94366,102.79180,41.83658,70.48700,111.81133,43.32704,66.71149,107.15955,42.02989,1.00000
23.93932,13.65415,11.71221,17.83948,6.51171,3.38670,70.00847,102.87525,42.33297,70.36889,111.51654,43.85165,66.76904,106.66167,42.06163,1.00000
23.67842,13.31940,10.50713,18.31146,6.53104,3.27365,69.98413,102.51344,41.49627,70.41838,111.39187,43.24290,66.51586,106.74020,42.00235,1.00000
23.27101,12.85380,10.62143,18.50565,6.43113,3.24970,69.66300,103.16592,42.19293,69.73412,112.26494,43.31573,65.74993,107.81098,42.22399,1.00000
23.69120,13.30441,10.01957,18.78188,6.37707,3.08348,69.66485,103.20375,41.17113,69.91605,112.00165,42.81804,65.46798,107.92097,41.81444,1.00000
23.99674,13.08598,10.14393,18.83320,6.21936,3.08673,70.03172,102.53657,41.60970,70.25613,111.42900,42.91679,66.05483,107.38772,41.45583,1.00000
23.35512,12.50904,10.17266,18.73344,5.62316,3.17602,70.02141,102.21296,41.57536,70.25807,111.49354,43.52781,66.76602,106.71455,41.91179,1.00000
23.80229,13.15896,9.60659,18.69541,6.55942,3.05730,70.16626,102.85262,41.96483,70.72580,111.31810,43.64273,66.42302,106.94653,42.42503,1.00000
23.00288,12.78093,10.05761,18.99756,5.59135,2.92997,70.23125,102.50026,41.67538,70.55611,111.93038,43.28373,66.47903,107.96015,42.60057,1.00000
23.11230,13.07015,9.63481,19.20124,5.78497,2.88016,70.18782,102.97390,42.24139,71.02803,112.09733,43.56558,67.14635,107.45857,42.71086,1.00000
22.99356,13.10025,10.11886,19.45716,5.79203,2.80613,70.38781,102.72403,42.65276,70.91872,112.11954,44.39422,66.80600,107.78070,43.38849,1.00000
23.56609,12.89389,9.61965,19.36185,5.59010,3.01055,69.82692,102.58004,42.09906,70.52976,111.45449,43.42547,66.34202,106.68749,42.63177,1.00000
23.48039,11.67575,9.46952,20.02825,6.00721,2.73124,70.06535,102.83871,42.20492,71.08718,112.05635,43.71130,66.97138,107.63234,43.26259,1.00000
23.88759,11.27190,8.69569,20.55717,5.84020,2.56238,69.86053,101.76457,40.72943,70.89119,111.10304,42.21649,66.80181,106.35724,43.19992,1.00000
22.73603,11.45142,8.45138,20.03150,5.82399,2.58021,69.44034,102.84829,40.31551,71.01374,112.35726,42.01251,67.08105,107.86641,42.40724,1.00000
23.96925,10.45335,6.30873,20.02638,6.17835,2.64974,68.99244,101.52575,39.89875,70.55780,110.96028,41.66368,66.15341,104.99457,41.55394,1.00000
25.36004,10.68275,6.33730,19.89979,5.75758,2.72901,67.53703,99.35815,38.66751,69.30654,108.75262,40.47590,65.02401,101.00683,40.31717,1.00000
23.57888,9.24019,4.19403,19.98630,5.13655,3.61027,66.24744,94.94530,40.19585,67.01892,106.88256,42.11317,63.87095,100.13198,43.17815,1.00000
22.42458,10.11645,5.63555,18.10998,3.40874,4.53522,64.44891,91.81218,40.54147,65.96943,105.73853,43.04265,63.37999,98.23312,44.73609,1.00000
21.40041,11.06120,9.31513,17.32941,3.52950,3.26693,64.53118,82.60787,34.96959,68.13407,100.55968,38.45035,64.17757,89.11837,42.44908,2.00000
21.70903,11.56517,11.62547,17.97899,4.49044,2.08813,64.52077,76.93754,30.82340,69.87984,100.44875,35.23315,65.78954,90.40524,39.32207,2.00000
22.59318,10.58525,7.21222,18.09387,4.96575,1.78711,61.78108,59.62799,23.98181,72.39069,99.13192,29.49582,66.04818,89.45113,32.28722,1.00000
20.26013,11.04154,3.30431,17.45826,5.88208,1.96752,58.38292,46.41547,18.41251,71.29543,98.12128,26.69059,66.05472,91.05530,30.09165,1.00000
20.61014,12.07282,2.01207,16.84353,6.54194,2.32696,56.48069,34.99787,12.22312,71.11999,100.94442,27.73513,65.34786,93.81243,30.16063,1.00000
20.20601,12.83458,0.64281,16.68939,6.79548,2.60106,56.19144,23.55679,7.19561,71.60808,98.00701,25.21986,63.21810,87.76047,24.99541,1.00000
20.23445,12.40526,0.62532,16.39915,6.13492,2.78192,54.98230,16.99890,4.85075,70.22635,99.04445,24.23887,62.71825,86.61968,23.81559,1.00000
19.93580,12.13205,1.29090,16.85404,5.93648,2.87725,53.65505,13.42165,4.05626,70.25768,99.58748,24.86773,62.76559,85.69232,24.74246,1.00000
21.54489,12.86192,0.36853,16.69027,6.10345,2.89600,50.65840,10.22246,4.92650,68.57611,98.57971,22.35470,64.10653,83.38088,23.49347,1.00000
22.60446,12.12469,2.84623,16.10640,6.08174,2.64367,47.72919,7.06091,4.20592,68.05844,96.21786,19.74820,65.54474,70.77563,19.79715,9.00000
23.35966,11.45305,4.99958,16.46711,6.20899,2.60833,45.85073,5.59013,3.84548,66.06401,90.52358,17.20653,63.38465,62.96440,16.87608,9.00000
24.19256,11.77368,6.59703,17.11086,7.35211,2.56590,45.15759,5.39591,3.80215,63.86526,90.87402,17.50593,62.11973,60.92286,16.51577,9.00000
24.90995,12.15242,6.17563,15.94855,6.51793,2.39183,42.87841,5.59136,4.28361,62.49322,89.49486,18.18928,61.92670,60.63924,18.80264,9.00000
24.45492,12.21074,9.52188,15.39645,6.16636,3.13969,39.86433,5.44534,4.38074,61.36177,86.95894,19.84373,61.08347,56.75845,20.11117,1.00000
25.81273,12.85943,6.27968,17.22299,6.79742,3.48944,38.97227,5.93968,4.82782,60.29343,85.42078,18.69964,60.66140,56.95116,19.05410,1.00000
24.96513,13.74519,10.54522,17.38420,7.37861,3.52857,37.67413,6.06783,4.48064,61.43015,86.33159,17.33887,60.86413,55.58779,18.85590,1.00000
23.38951,13.36246,17.64432,16.22025,7.11015,4.01811,34.81318,5.09222,4.33297,60.19801,88.12016,17.87513,59.32691,56.03578,18.11233,9.00000
23.24806,13.59878,14.85622,15.39287,6.86916,4.40670,33.25812,5.07336,4.57341,60.70594,89.91433,18.79764,58.99676,58.66604,17.85900,9.00000
23.28209,14.00309,11.20260,15.04510,6.31672,4.39481,31.57219,5.01096,5.58183,60.63046,88.03257,19.13471,59.19510,55.82002,18.11311,1.00000
24.17541,13.43330,10.55738,15.73659,7.18157,4.97451,32.28008,6.11737,5.68921,61.76388,86.03271,19.01125,60.77504,53.45607,17.94186,1.00000
24.07289,14.22253,10.21340,15.07141,7.05391,4.07958,31.87171,6.67438,5.16146,63.16964,86.54001,17.19413,61.13627,51.69511,16.53108,1.00000
24.18659,14.11009,12.16518,14.95682,6.75285,4.18758,32.90561,6.01643,4.89122,63.70728,87.75907,16.98022,61.56923,51.04399,16.00568,1.00000
23.06834,13.97030,14.00108,13.76672,7.24035,4.52770,32.82126,6.46007,4.78409,63.99141,87.49643,16.52180,61.62149,49.81859,15.63421,1.00000
22.82192,13.92800,15.20188,14.53302,6.91545,4.45272,31.46669,6.74306,4.94526,62.62369,88.29137,17.41379,60.28903,52.04707,16.43840,1.00000
23.95483,13.73118,12.11783,14.55419,7.21683,4.32667,32.26078,5.17118,4.68095,62.44815,88.55666,17.08762,61.18026,52.48387,16.23281,1.00000
23.82704,13.61855,12.05056,14.84763,7.50513,4.74534,32.54984,5.32265,4.88543,61.90241,88.04624,17.28623,60.56102,53.31664,16.46479,1.00000
23.32795,14.13727,13.12036,14.75664,7.39029,4.54727,32.29009,5.12025,4.91492,61.52328,88.56931,17.82913,59.86405,53.51001,16.87294,1.00000
23.60479,13.76996,12.82605,14.74460,7.00906,4.63771,32.34593,5.01608,4.91754,61.53655,88.15234,17.65524,59.62036,53.80588,16.61097,1.00000
23.56868,14.06855,13.20396,15.01026,7.27385,4.67447,32.32105,4.93513,4.86926,60.93198,88.99545,17.61039,59.86691,53.47068,16.18843,1.00000
24.02055,13.76152,12.32290,14.92067,7.65028,4.92955,32.48946,5.76503,5.16262,61.42108,88.00919,17.73219,60.05945,53.04742,16.30931,1.00000
24.26650,14.26054,13.38455,15.48414,7.75785,4.83451,32.97542,5.93281,4.85665,61.29890,89.00403,16.99054,60.55466,52.48857,15.64375,9.00000
23.20729,13.91661,14.61237,15.40951,7.70858,4.71473,33.92990,6.01339,5.05877,63.28248,87.97138,17.31936,61.39803,51.68226,16.41913,1.00000
22.66301,14.10979,14.42349,14.93688,6.98699,4.29995,33.30143,6.13682,4.92474,62.46468,89.35208,17.49206,60.28440,52.37414,16.17899,9.00000
23.84880,14.39482,13.26775,15.43619,7.49090,4.46864,32.99336,5.48921,4.39918,61.29048,89.61718,16.55994,60.29376,52.98631,15.46852,9.00000
23.14969,14.09347,13.72131,15.72842,7.95696,4.78742,33.97486,6.19387,4.83043,62.82844,88.63761,16.82217,61.53251,51.15361,15.60463,1.00000
23.59510,14.31622,14.00426,15.54125,7.17393,4.38499,33.42039,6.90472,4.65820,62.83702,88.99453,16.65791,61.44869,51.32059,15.42261,1.00000
23.50721,14.17657,13.50039,15.90055,7.49349,4.40764,34.58139,6.90721,4.83098,63.33353,88.31695,16.85416,61.72795,50.89584,15.75279,1.00000
23.78205,14.18808,12.93603,15.47268,7.05648,4.14826,34.62937,6.81538,4.86758,63.43664,88.82981,17.25948,60.82767,52.31875,15.62956,1.00000
23.24860,14.19860,14.58210,15.41795,7.44993,4.24975,34.63369,6.41821,4.66205,63.52868,89.77667,17.25138,60.62697,52.17164,15.57935,1.00000
23.55850,14.33892,13.26435,15.53308,7.20135,4.14365,34.16405,6.21269,4.54039,62.49825,89.71824,16.85512,60.11229,52.57583,15.37812,9.00000
23.76636,14.52176,12.92261,16.17905,7.79130,4.24816,34.75371,6.35193,4.38821,63.18977,89.70744,16.13739,61.52568,51.52120,15.25108,1.00000
22.82654,13.71454,13.52994,15.29302,6.99411,4.37388,34.70350,6.35100,4.85333,64.44025,87.40059,17.45560,61.45720,51.07532,16.07053,1.00000
23.12407,14.02903,13.72459,14.94503,6.94889,4.01568,34.13281,6.23790,4.68654,63.72268,88.66619,17.12989,60.73947,52.10214,15.49382,1.00000
23.47579,14.32327,13.19869,16.15534,7.30467,4.28667,33.89685,5.96736,4.47328,62.05159,90.07912,16.95921,59.77794,53.69579,15.63249,9.00000
24.49103,15.16626,13.50271,15.91349,7.25890,4.02568,33.13227,5.82580,4.23620,62.18166,90.31833,16.11390,60.72091,52.69293,14.74881,9.00000
23.50108,14.14618,12.97095,16.10339,7.32436,4.37294,34.11667,5.98967,4.51960,62.42375,89.35867,17.06946,60.18078,52.44917,15.76698,1.00000
23.69892,14.54342,13.25090,15.88876,7.00888,3.90241,33.69729,5.79624,4.29673,62.17243,89.76178,17.00204,59.67109,52.91285,15.53692,9.00000
23.69603,14.29479,13.26449,16.06134,7.42543,4.25007,34.23240,5.89183,4.27062,63.06982,89.74688,16.88211,60.46694,52.17296,15.24349,9.00000
23.87835,14.81884,13.49910,16.28873,6.81326,3.84960,33.69304,5.84298,4.26893,62.06468,89.74086,16.70006,59.83055,53.37700,14.89789,9.00000
24.21457,14.78652,12.99363,16.32644,7.16291,3.94421,33.94456,5.82973,4.12510,62.37596,89.68104,16.77387,60.11411,52.97680,14.98747,9.00000
23.74665,14.63984,13.95883,16.04303,6.98793,3.90611,33.79054,5.81332,4.18614,62.56579,90.24569,17.24183,59.96847,52.83493,15.38633,9.00000
24.50423,15.37400,13.81123,16.27630,7.16989,3.78024,33.68546,6.04258,4.06828,62.12098,89.94009,16.27482,59.52532,53.49182,14.70752,9.00000
24.11894,15.11805,14.13801,16.78711,7.24200,4.10404,33.99869,5.65166,4.10272,62.16648,89.58599,16.42295,60.49507,52.22741,14.78556,9.00000
24.04256,14.73010,13.84093,15.85032,7.12960,3.94203,34.13674,6.24714,4.28585,62.45387,90.08452,16.70330,60.34279,52.07962,14.92983,9.00000
24.14531,14.69598,13.87515,17.00091,7.17589,4.10335,34.54572,5.98319,4.37647,62.38735,90.33304,16.62438,60.35204,53.18779,14.91136,9.00000
23.88083,14.69855,13.93168,15.91025,6.83330,3.68713,34.21642,6.46790,4.24448,62.69448,90.06551,16.31293,60.44044,52.10346,14.50431,9.00000
24.35279,14.93547,13.95961,17.10829,7.21171,3.81872,34.83246,6.30476,4.21569,62.41482,90.44981,16.90797,60.21065,53.25409,15.17264,9.00000
24.37619,15.21246,13.80947,16.59147,6.68130,3.38245,34.30473,6.48158,3.97683,63.01253,90.01689,15.91380,61.02660,52.12143,14.21361,9.00000
24.05498,14.93315,14.86940,16.82988,6.99824,3.70241,34.57195,6.02451,4.05999,63.21233,90.03174,17.14791,60.26429,52.96378,15.31629,9.00000
24.56102,15.48367,13.83864,17.05461,6.83737,3.36721,34.85401,6.71496,4.18574,63.68950,88.83620,16.08067,61.34970,52.04708,14.36354,1.00000
23.19349,14.44334,14.21997,17.16176,6.67548,3.48485,35.24431,6.84687,4.25190,64.44570,88.28612,17.16099,61.11825,51.18974,15.57051,1.00000
25.30702,16.85032,14.70063,17.49499,6.35618,2.43901,33.41777,6.42397,3.76701,62.64689,91.45018,15.64734,60.02438,52.53975,13.75167,9.00000
24.28184,14.79066,13.59150,17.40036,7.06603,3.98577,34.70951,6.81476,4.15532,64.13853,89.25282,17.09944,60.64901,52.37232,15.43561,1.00000
25.25101,17.34293,16.02194,17.70495,6.38306,2.73669,33.22651,6.62169,3.95739,62.16304,92.93844,15.28022,59.80272,53.53001,13.49969,9.00000
24.85371,15.85738,14.22921,18.02198,6.62040,3.35410,34.22066,6.18802,3.92276,62.78257,91.37322,16.49041,60.30093,53.09007,14.85789,9.00000
25.91020,18.01148,14.98625,18.30743,6.37155,2.29404,32.50737,6.37475,3.85969,61.34884,92.68287,15.07940,59.52678,53.71723,13.13377,9.00000
25.53629,16.25452,12.81678,17.66426,6.69639,3.28566,32.98849,5.75841,3.89852,62.58210,91.41820,16.31573,60.12060,54.00605,14.36957,9.00000
24.89536,16.24430,15.04904,17.62312,6.27697,2.97373,33.81737,5.95862,3.94368,62.25907,91.13594,16.42265,59.78354,53.04878,14.69977,9.00000
25.64398,16.76415,15.13910,17.70472,6.24433,2.50483,33.76576,6.18912,4.20984,62.48868,91.35017,15.75798,60.16446,53.43790,14.41659,9.00000
24.48103,15.76463,15.41080,17.64546,6.25927,3.12362,34.47158,6.05201,4.07114,63.56263,90.03709,16.61902,60.64640,51.96029,14.98180,9.00000
26.25695,17.71212,15.09437,17.89980,6.12075,2.23096,33.18712,6.09485,3.99473,62.21731,92.17102,15.42333,60.05647,53.39737,13.45252,9.00000
25.39356,16.69899,14.60920,17.82385,6.20790,2.90291,33.68299,5.81679,3.81417,63.35648,90.80855,16.15879,60.73431,52.70460,14.33601,9.00000
26.47798,18.05389,13.48446,18.15311,5.82714,2.02563,33.31412,5.96938,4.16225,62.42993,90.73447,15.30795,60.44563,53.12649,13.49505,9.00000
24.80293,15.96568,14.18393,17.95682,6.35346,3.15915,34.50955,6.32584,3.85798,63.64575,89.70454,16.34400,60.62904,52.72854,15.03324,9.00000
24.62484,16.73241,14.60437,17.66655,6.47613,2.65729,33.20577,5.87852,3.84601,61.34650,91.75524,15.93927,59.07567,53.50441,13.89948,9.00000
24.53496,15.77577,14.53655,17.70704,6.72602,3.54210,33.78911,5.70340,3.87064,62.35874,91.06623,17.17801,59.51165,53.37891,14.77431,9.00000
24.48849,15.22225,14.41659,17.14998,6.58730,3.12737,34.17456,6.24024,4.18034,62.70416,89.48160,16.30845,59.54892,52.10530,14.50525,9.00000
24.29981,15.51925,14.94683,17.63884,6.36795,3.28024,34.24982,6.10651,3.96010,62.94716,89.57427,16.64667,59.99648,52.38280,14.93944,9.00000
25.74564,17.81188,15.37055,18.11722,6.46053,2.52388,33.19871,6.07685,3.82149,61.00102,92.06046,15.44919,59.09387,53.49330,13.25167,9.00000
25.62522,16.61575,14.79368,17.86915,6.51412,3.10318,33.32859,5.96845,3.86894,62.39132,91.19693,15.92613,59.87839,53.13741,14.09711,9.00000
26.45531,17.85769,14.73934,18.17106,6.14199,2.30443,33.28367,6.53697,4.04944,61.98199,91.57831,15.22137,60.12011,52.61922,13.22157,9.00000
24.97561,16.40372,15.97758,17.53234,6.22538,2.88306,34.10837,6.39867,4.08552,63.55442,90.33449,16.08376,60.93241,50.52629,13.93578,1.00000
24.44590,15.83842,15.81094,17.76810,6.36093,2.90264,33.65635,6.07375,3.99356,63.21005,90.23956,16.02476,60.62678,51.35267,14.19266,9.00000
24.33410,15.56580,14.95240,17.58356,6.37736,3.12258,33.51482,6.45352,3.77186,63.17710,90.55359,16.51299,59.74203,51.99405,14.70987,9.00000
24.95214,16.14942,14.41102,17.52910,6.20499,3.11049,33.37074,6.09637,3.62488,62.61455,90.71181,16.36079,59.77221,52.65358,14.47125,9.00000
24.73128,15.78409,14.18915,18.25278,6.58388,3.30511,33.64308,6.30441,3.77345,62.50544,91.26352,16.54013,59.90000,51.29132,14.49854,9.00000
24.24518,15.17241,15.75949,17.66354,6.61608,3.30083,33.23594,6.01559,4.10925,62.42039,90.35604,17.33439,59.64614,50.62758,14.86816,9.00000
25.14623,15.90754,14.01564,17.72134,6.28541,3.00473,33.19578,5.68436,3.65117,62.48148,91.03065,16.43729,59.49599,51.59857,14.16225,9.00000
25.14766,16.17849,14.27937,17.59619,6.23430,2.97873,33.39114,5.83208,3.68944,62.08699,92.05344,16.54676,59.83076,50.63701,14.20966,9.00000
25.95481,17.97936,13.60937,18.46130,5.77766,2.27490,32.31616,5.56239,3.41495,60.21195,92.14337,15.81955,58.68948,51.93615,13.39887,9.00000
25.13059,16.28285,13.26023,17.32007,6.03590,2.86150,32.92193,5.93029,3.64377,62.24630,90.56354,16.62908,59.58361,49.29840,13.78533,1.00000
25.72268,16.57642,12.67327,18.04595,5.91036,2.45418,32.41457,5.71359,3.76547,61.15652,90.44184,16.47508,59.11728,50.07006,13.98818,1.00000
25.61666,17.02064,13.29240,18.38533,5.79052,2.51415,31.67748,5.70269,3.51515,60.36968,90.60446,16.22914,58.60189,50.91221,13.88289,9.00000
26.15443,17.82141,13.16522,18.54719,5.98247,2.41740,31.78180,5.30854,3.39308,60.15608,92.26978,15.90427,58.44778,51.36943,13.05275,9.00000
24.83554,16.21146,13.17211,17.98856,6.07887,3.03807,32.76891,5.38691,3.61566,60.96595,90.52874,16.95718,58.87325,49.47534,13.85260,1.00000
25.57537,17.26502,13.76410,18.37541,6.09464,2.17726,32.10003,5.75365,3.58119,61.49072,91.49643,16.30222,59.16097,50.53378,13.72495,9.00000
25.78933,17.34876,13.72569,17.95810,5.81641,2.31513,32.31169,5.26823,3.43393,61.62396,91.11321,16.09361,59.54673,50.11782,13.37466,9.00000
25.12774,15.05503,13.04791,17.65007,6.20234,2.79772,33.82049,5.45408,4.01664,63.84078,89.71053,16.43857,60.79420,48.45989,14.29470,1.00000
24.76418,15.50816,15.33096,17.81100,6.66618,2.59501,33.88248,5.22917,4.04171,63.34853,89.93655,16.14527,59.99924,49.72842,13.87772,9.00000
24.93024,15.37018,14.57188,18.09555,6.61585,2.86419,34.34262,6.06691,3.87115,63.76785,89.82966,15.89697,60.96221,48.06440,13.82453,1.00000
24.19847,13.72188,13.81244,18.11041,6.95745,3.50391,35.75805,5.62595,4.36574,65.31632,87.09158,17.17905,61.01988,47.72479,14.93799,1.00000
23.68790,14.63388,14.54531,17.61040,6.72259,2.49185,34.77910,5.79850,4.39589,64.58890,89.44131,15.83013,60.65328,48.14890,13.65115,1.00000
24.33498,14.45567,13.91191,18.70784,6.89784,3.08188,35.56151,5.86292,4.08948,65.65736,88.81723,16.54730,61.27821,47.47453,14.33492,1.00000
24.31889,14.99150,14.60624,18.54843,6.84468,2.57827,35.10919,5.85223,4.19436,64.82992,89.13406,15.88661,60.86350,47.43718,13.62697,1.00000
24.71932,14.40250,12.68615,19.74617,6.74926,2.71753,34.81553,5.21099,4.37193,64.90388,89.10522,16.05998,61.28171,48.18796,13.83838,1.00000
24.70695,13.82884,10.91395,20.52211,7.07441,3.02288,35.72388,5.00256,4.70855,65.51876,87.37444,16.28923,61.36984,48.80005,14.67749,1.00000
24.57700,14.32075,14.06854,20.72487,7.71141,2.65420,36.53811,5.42005,4.23594,65.55785,86.33763,15.13381,62.10671,46.36720,13.94245,1.00000
24.28206,13.92387,13.10690,20.30314,7.63835,3.18201,37.35320,5.65048,4.56423,66.27284,83.81813,16.21847,61.71751,46.39431,15.11726,1.00000
24.06982,13.71601,13.57642,19.80579,7.53443,3.30082,37.28844,5.19880,4.65415,66.09520,83.65343,16.37560,61.61160,46.53886,14.98154,1.00000
25.96995,14.81186,11.90459,19.53547,7.34396,2.20804,36.19287,5.49532,4.54100,63.93525,88.10714,14.69961,60.46065,47.73170,13.66861,1.00000
24.79095,14.19323,12.87254,20.23194,7.60553,2.95078,37.69854,5.43046,4.41894,65.24999,86.27904,15.11839,61.63462,46.84316,14.26684,1.00000
24.46764,14.72683,16.06118,19.85101,7.35728,2.18248,37.57948,4.83200,3.97764,65.03726,85.73064,14.83313,61.27703,45.00342,13.16698,1.00000
24.84137,13.96589,12.78194,19.23676,7.40249,2.40117,37.90135,5.07185,4.36524,64.83220,88.38959,15.21964,60.79018,45.43125,14.04506,1.00000
25.03474,14.23525,11.22752,20.14949,7.40421,2.16661,39.46524,5.82908,4.05604,65.70358,85.76327,14.96792,61.72284,44.81963,13.91655,1.00000
25.34758,14.64919,12.23179,20.67345,7.35010,1.58662,39.60302,5.74681,4.14314,64.66680,87.67349,14.53091,61.67147,44.95141,13.29027,1.00000
25.25512,14.63917,12.33693,21.03956,7.12106,1.55877,40.20572,5.44428,4.01288,65.47522,89.38156,14.69402,61.77119,44.13247,12.91744,1.00000
24.75613,14.54307,11.53932,23.53622,7.12917,1.95121,41.85364,5.23094,3.97951,66.58631,87.26700,15.17937,61.68640,43.35360,12.91879,1.00000
24.31408,14.97582,11.73197,25.61220,5.83759,2.56595,41.89265,4.44226,3.50472,65.38338,88.29443,14.79636,61.14991,44.22932,12.80228,1.00000
25.15409,15.22964,11.49358,27.86650,4.74979,3.28024,41.63451,4.55174,3.24575,65.86687,93.53844,14.13121,62.88842,45.05487,11.90133,1.00000
23.33536,13.43672,10.71614,32.52995,5.09984,2.99440,43.96760,3.18746,3.62334,67.93138,90.99276,16.05593,63.86216,42.40976,13.49647,1.00000
23.71907,14.03202,9.77199,35.85801,5.70432,3.33971,45.68904,2.85333,3.81905,69.44728,90.12757,15.84790,65.48867,41.51195,12.60701,1.00000
23.35964,13.90672,9.38960,38.42487,7.47450,2.68298,48.02176,4.04742,3.58409,69.33284,92.02096,16.39697,63.61557,41.42581,12.47187,1.00000
23.57884,14.28569,9.03342,38.79193,8.01291,2.74761,48.86731,5.06111,3.76440,70.08263,90.54148,16.40809,64.46636,41.32237,12.55113,1.00000
24.01636,14.34819,6.86210,41.62479,7.38633,3.10161,49.91159,4.02274,4.15730,70.52287,89.40598,16.37083,65.37058,40.78905,12.09060,1.00000
22.99843,13.57219,8.72134,43.30325,7.87484,3.25912,50.15927,4.09329,4.11057,70.59522,87.00363,17.16932,64.76006,39.77420,12.48135,1.00000
22.75426,14.70983,9.58816,50.67519,7.29242,3.73146,51.87882,3.72337,4.44125,72.43928,90.21338,18.41417,64.11811,40.36695,11.95835,1.00000
23.32770,15.48827,9.07250,52.44698,8.36547,3.57081,52.54357,4.93126,6.13674,71.65844,88.94190,18.29633,65.10015,39.18794,11.57053,1.00000
22.77572,15.99108,8.85489,52.80592,7.64600,3.62629,53.59087,5.93629,5.45105,72.52850,86.86906,18.50999,65.65229,40.07381,12.28517,1.00000
23.24857,16.01414,9.50302,53.40792,8.52370,3.53289,53.57948,6.25987,5.46916,72.45039,88.65024,17.93081,66.46715,38.78614,11.34105,1.00000
23.67281,16.58294,8.58661,53.62698,8.08128,3.60052,53.58996,6.02764,6.03363,71.49814,89.54872,17.84349,65.83592,39.66776,11.01596,1.00000
24.27748,17.01252,9.57130,54.01677,8.80415,3.49388,53.38806,5.98412,5.91206,70.67780,91.12808,17.08624,65.16373,39.96600,10.21248,1.00000
22.75717,15.24268,9.78415,54.80986,8.60376,3.70176,54.93610,5.92864,6.79888,72.51398,90.51294,18.84851,65.93498,39.19535,11.77148,1.00000
22.83829,15.49732,8.17121,57.67173,8.79471,4.10890,57.56349,6.60008,6.53245,73.68895,90.09400,17.53562,66.90162,39.13626,11.79052,1.00000
22.65402,15.63942,8.62545,57.44679,8.53770,4.21344,57.37111,5.70287,6.86353,73.65431,91.00603,18.26721,67.06817,39.51864,12.06074,1.00000
22.09084,15.10801,10.23206,60.50329,7.96347,3.75327,60.47408,6.80915,6.14397,75.37590,89.12566,16.32287,67.79074,37.97279,10.93622,1.00000
21.99527,14.78785,10.02769,63.00601,6.95404,3.78714,63.54436,5.79890,4.49830,76.94168,87.82139,15.75773,69.58420,37.81555,10.35096,1.00000
21.67533,13.61975,10.59486,64.11530,8.80289,4.06175,65.83386,4.38748,7.92680,75.65896,88.53677,15.51162,69.42289,37.20647,9.65498,1.00000
20.14588,11.76423,8.71340,66.19966,7.99422,4.21166,69.60567,4.25249,11.50593,76.94085,88.12934,15.75440,68.76071,35.96667,9.34566,1.00000
19.52977,10.94707,13.09929,70.17224,6.27271,3.11482,79.10358,58.89347,10.87245,79.17110,85.14105,20.09750,70.73715,33.82307,8.42569,7.00000
19.04334,10.77052,14.93281,70.26924,6.02249,2.74689,82.21339,64.75684,6.00011,82.78622,83.51654,20.35168,73.63879,32.66416,8.50669,7.00000
19.66714,10.01611,14.21471,70.55767,6.06999,2.23764,83.17846,68.36797,10.73369,83.57184,84.68615,21.61668,74.27264,31.88736,8.94322,7.00000
19.90131,9.60662,13.56641,71.59124,6.51818,1.66885,84.76427,75.69124,19.29546,82.86198,84.79798,23.93488,73.32688,33.56976,9.99234,7.00000
19.71432,10.49277,14.10476,72.06166,5.94034,2.94374,81.57260,53.59747,9.53718,82.43836,84.37011,20.94535,73.39706,33.40743,9.23420,7.00000
18.12942,10.08571,15.37199,72.38946,5.93616,3.54638,82.34819,52.05150,7.62333,83.71060,82.80309,19.96398,74.86603,31.28474,9.44933,7.00000
18.01704,10.35135,14.38701,72.01612,5.65745,4.10916,80.11515,33.81146,14.31983,83.50231,83.04976,17.66768,74.91841,31.15601,9.01462,7.00000
18.33690,10.40975,11.77742,72.31900,5.60498,4.03860,78.52991,18.79049,11.26485,83.56575,81.65134,16.41727,75.16777,32.28282,9.19133,1.00000
18.94890,10.68717,12.48562,72.28160,5.49360,4.22767,80.41599,34.99738,14.99210,83.36746,83.52659,17.78411,75.04768,32.18990,9.08796,7.00000
18.63921,10.25042,13.15980,72.12625,6.07871,3.63044,81.69254,41.34910,18.00441,83.90593,83.58216,18.96561,74.92822,32.20829,9.54353,7.00000
18.78116,9.99371,14.32731,70.36143,6.06665,3.43916,81.25781,44.71011,18.97992,83.72926,83.00745,19.57723,74.97752,32.21835,9.42839,7.00000
19.98434,13.64216,7.69098,69.50698,7.64119,4.96577,67.69739,11.17945,5.75543,83.35799,81.31026,14.38103,75.59949,36.47234,10.64753,1.00000
20.81532,14.38347,7.52323,68.35555,9.11955,5.99097,66.59808,11.30831,6.20976,82.60663,80.89254,14.63199,75.73159,36.52189,10.82370,1.00000
22.16370,14.43921,10.52721,64.27706,9.35672,4.76776,62.03394,12.20458,6.07713,80.92449,81.54821,15.35131,74.71864,37.89861,10.59850,1.00000
22.50489,14.18660,6.65701,59.02954,7.71688,3.73686,58.60418,11.95683,6.68482,79.93942,83.85905,16.37810,74.07374,37.93017,11.67093,1.00000
21.96076,13.71449,9.87682,52.72982,7.15515,5.90295,53.39299,10.95691,5.70910,79.87964,84.38186,18.47699,72.02432,38.22846,11.86210,1.00000
22.57229,15.29123,10.60377,51.06458,9.10368,4.18746,52.78804,10.42028,6.77316,79.70518,89.18358,18.55000,71.74955,38.75685,11.52491,1.00000
22.64712,14.97245,11.00266,41.61603,3.99844,4.24057,46.53605,4.79991,6.77804,76.97804,88.19022,19.93901,69.32024,39.25488,11.35422,1.00000
23.36143,14.02483,15.52126,20.97189,5.52964,2.27722,43.44149,7.07457,5.17978,77.34715,84.26720,20.38957,69.36604,38.78639,11.67848,1.00000
22.94899,12.47088,15.92122,20.40145,7.23567,3.46304,41.86178,7.86794,4.81582,75.83344,75.68127,17.49127,69.82649,36.41102,12.31205,1.00000
23.04330,15.31127,16.79686,17.84891,5.35691,3.16201,40.21053,8.49695,4.10864,75.44329,80.52473,16.17546,69.40786,36.53062,10.32741,1.00000
22.44164,13.73908,14.71549,17.93427,5.57320,3.60814,41.53544,8.85675,4.27566,75.00754,76.85869,16.42734,69.23858,36.57497,12.86058,1.00000
22.22001,13.84896,16.23637,16.62643,5.49619,3.34222,39.87754,8.43325,4.68647,75.08179,76.99438,16.70941,68.49477,35.93079,12.86561,1.00000
25.84376,18.28409,17.93190,16.81406,6.03901,3.26012,36.25961,8.50582,3.49395,68.41730,86.69133,14.68733,65.32804,41.68695,10.95146,1.00000
25.26106,17.28610,17.43447,15.42369,7.23940,3.58278,34.01212,8.00399,3.60194,65.01798,90.15377,15.34821,61.41280,45.66838,11.87347,1.00000
23.63683,15.87308,13.54766,13.92075,7.15260,3.98097,31.21861,8.33674,4.34073,63.58124,84.60711,16.98360,61.50370,42.92131,13.71479,1.00000
23.28507,15.38495,10.54720,14.00269,6.66951,4.29258,30.73297,10.37791,4.78066,62.36474,81.38108,17.20914,60.31918,43.38989,13.47831,1.00000
23.49248,15.80598,10.70672,14.03823,6.70047,4.40683,30.98869,10.65902,4.72098,62.34794,81.27741,17.10675,60.40301,43.27390,13.21952,1.00000
21.91641,13.67879,10.48835,13.89429,5.67080,5.22238,30.44967,11.02502,5.82232,63.90022,75.26493,19.05778,60.57010,41.18897,14.68927,1.00000
22.21870,14.58732,9.66264,13.41657,4.80417,4.66462,28.48363,9.95962,5.38196,62.50511,76.96429,19.41363,58.45643,42.10489,14.78434,1.00000
21.92136,13.59188,11.13208,13.51800,5.08216,5.10895,28.50612,11.10288,6.05434,62.47061,76.43030,20.24254,58.50120,42.05337,15.46955,1.00000
21.06876,13.29708,10.79368,12.65152,4.92163,5.44225,28.48694,10.77344,6.27049,63.92414,73.02882,19.66824,61.10001,38.95554,14.27882,1.00000
21.18434,12.84958,9.00182,12.24807,4.38778,5.48057,27.69459,10.93571,6.72866,63.21844,69.91354,20.34932,60.19693,38.31032,14.78001,1.00000
21.20264,12.60419,8.12523,12.00024,3.73914,4.82028,26.77584,9.75274,6.88572,62.39549,70.52891,20.26603,59.65542,38.93295,14.66430,1.00000
21.17202,12.76079,9.92094,11.77846,3.83356,5.71445,27.81244,11.15872,7.15715,65.03976,68.95383,19.99092,62.16490,37.53860,13.74128,1.00000
21.55471,13.10242,9.60585,11.52821,3.81837,5.65658,28.09960,11.47227,7.05200,66.02182,67.15989,19.34097,63.02090,35.80823,13.18962,1.00000
21.09545,13.10978,9.19942,11.72721,3.71889,5.43120,28.44622,11.73822,7.41592,65.35574,66.07588,19.68086,61.77381,36.41768,13.15154,1.00000
21.25760,12.98706,8.69573,11.62015,3.63494,5.34791,28.14493,11.53984,7.15248,65.20915,66.44337,19.68022,61.75296,36.45836,13.24136,1.00000
20.88420,13.25328,9.20892,11.43671,3.33441,4.76280,28.35899,10.95417,7.05309,65.79030,66.31258,19.67423,62.62137,35.95794,13.00586,1.00000
20.81948,13.74055,9.93266,11.65188,3.62785,4.12802,28.64960,10.89920,6.59473,64.93115,68.89371,19.38269,62.63835,35.37930,12.56968,1.00000
20.57233,13.40075,9.66713,11.61927,3.37597,4.33917,28.75471,10.69289,6.80669,65.46314,67.83601,19.67168,62.85368,35.70141,12.84092,1.00000
21.00760,13.25821,10.79590,11.54064,3.63996,4.67971,28.54909,10.79811,6.89802,65.45852,68.62389,19.93128,62.85654,35.33425,12.96846,1.00000
20.67969,13.52749,9.96262,11.86785,3.76912,4.41787,28.35139,11.13564,6.50135,64.81457,69.76124,19.66053,62.62635,35.57104,12.80263,1.00000
20.86913,13.21697,9.31999,11.96076,3.59151,4.47832,28.73507,10.51046,6.94034,64.95921,68.10457,19.84592,62.42542,35.87475,13.09499,1.00000
20.63471,13.25448,9.87693,12.02647,3.73640,4.57862,28.55795,10.96655,6.67791,64.56541,69.16157,19.82944,62.43310,35.03001,12.87296,1.00000
20.47098,13.53917,10.59656,12.27371,3.90314,4.54690,28.68812,10.87069,6.71776,64.90027,70.06563,20.04662,61.64997,36.12414,12.88465,1.00000
20.68291,13.28911,9.64006,12.30527,3.68475,4.43604,28.96127,10.58189,6.86465,64.65501,69.33597,19.98383,61.57681,36.11373,12.92064,1.00000
20.40373,12.97750,9.02786,14.01238,3.66135,4.35610,29.24515,10.52014,6.74954,65.08689,67.19983,20.07109,61.15664,36.26124,13.20127,1.00000
20.13905,12.70080,8.00458,14.01953,3.32069,4.86084,29.14833,10.92379,6.89179,64.93536,67.35582,20.33904,60.62167,37.28625,13.82013,1.00000
19.94466,13.01919,9.97470,15.56178,3.72045,4.96641,28.84204,10.76201,6.88686,64.55244,67.96327,20.89947,59.98877,38.11573,14.13934,1.00000
20.57689,13.30409,9.58025,17.16156,4.48243,5.40708,28.71110,10.62913,6.90502,64.66116,68.52339,21.60459,59.63148,39.18513,14.51090,1.00000
20.49132,13.28913,10.27499,18.00404,3.81461,5.17576,28.41010,9.48002,6.70824,64.55846,69.66435,21.90649,59.88523,38.61366,14.66631,1.00000
20.06830,13.08276,9.67161,19.83280,4.84224,5.88488,29.43324,10.78536,7.15428,64.59877,69.66221,21.94019,59.70044,38.93038,15.20828,1.00000
19.75979,12.84908,9.06086,22.74973,6.17376,6.07796,30.95971,10.89158,7.40074,65.40874,68.06063,22.84940,59.88723,39.07950,15.93210,1.00000
19.39778,13.24126,7.99041,27.01086,6.94997,6.16505,33.12880,10.05474,7.01897,67.06984,63.88608,21.79008,61.94410,36.79261,15.40518,1.00000
19.98146,13.31649,9.14378,25.86610,5.98397,5.87217,32.52852,9.80056,7.23543,66.83716,64.95156,22.32679,61.25487,35.88254,15.67639,1.00000
20.80955,13.24976,6.06777,26.09376,6.48503,4.92468,32.50658,11.27305,6.30714,65.78566,69.68479,22.06880,61.07447,38.48735,15.61645,1.00000
20.28446,12.85004,7.58982,24.76363,6.40025,4.63501,29.29357,7.94737,5.83948,65.96224,67.73036,21.83964,61.56102,37.85311,15.59278,1.00000
22.13520,12.56507,5.20558,25.72883,5.29893,3.69846,28.94521,6.28191,5.75721,63.61977,67.28577,21.58765,59.90502,38.79739,16.28363,1.00000
22.40093,12.99492,5.25319,26.98730,6.01894,3.66771,29.01596,7.72081,5.96745,64.27212,69.87720,22.29877,61.33590,37.35468,16.57609,1.00000
22.81830,13.22511,5.30323,28.70066,5.71845,4.47601,29.29196,6.99460,6.17364,64.98276,66.19793,22.46566,61.00930,37.77806,16.36405,1.00000
22.60170,13.10648,5.81929,31.44497,4.79402,6.02064,28.41176,6.96378,6.96539,65.32520,60.29131,22.64694,60.36253,38.57364,16.62728,1.00000
22.07053,12.66780,8.01889,31.63920,3.64773,5.96891,28.45609,6.05555,6.88769,66.36549,58.96944,21.32784,60.61396,38.02917,14.88493,1.00000
22.41731,12.76369,7.51973,29.49563,5.22664,5.89301,27.16638,6.46861,6.92204,66.01334,59.34358,21.40621,60.40493,37.77288,14.46630,1.00000
22.13156,12.56726,6.60904,27.26826,5.85002,5.44694,26.61246,6.41651,6.89979,66.11089,60.46093,21.86312,61.36688,37.64127,15.24939,1.00000
21.56722,13.46720,7.80438,25.33272,6.12440,5.37098,26.56825,5.75100,6.98707,66.38186,60.22796,22.14647,61.78006,36.01756,15.64984,1.00000
20.73468,12.09909,8.41611,22.97948,4.98143,5.09524,28.75919,7.45214,6.74040,65.87687,60.70702,22.04270,60.48822,37.80512,15.89207,1.00000
19.31609,11.81669,7.75741,23.57409,4.58940,6.25456,30.46508,8.63637,7.48727,66.45694,57.27459,21.10284,61.27844,34.19491,15.15576,1.00000
19.90915,12.98681,6.61736,22.34621,5.34875,6.51751,30.12876,9.53327,7.94492,66.79930,57.90127,22.12626,62.42122,35.66231,17.29270,1.00000
18.79324,11.79107,7.48593,20.00268,3.89961,6.52720,29.89579,9.90084,8.26081,66.95381,57.70108,21.26048,61.90954,34.32607,15.23517,1.00000
19.70458,11.40712,6.95052,14.66382,3.30148,5.72552,28.77531,8.97605,6.62157,65.19584,58.30959,19.49626,61.29540,33.58537,14.54601,1.00000
20.25222,11.75691,7.23599,11.25977,4.91089,5.66342,30.35522,9.85052,7.41484,64.67247,58.94906,18.18189,61.14325,32.33815,12.55032,1.00000
20.52067,11.78239,8.38451,9.13712,4.49590,5.55377,31.25488,11.20178,7.39976,66.53019,57.95274,17.15844,62.86890,31.64804,11.43224,1.00000
19.96170,11.66662,9.05470,8.29358,3.46947,5.20128,32.53742,11.66263,8.28144,67.25236,54.35288,16.43148,62.82269,31.32742,10.95142,1.00000
21.78806,12.28924,9.12476,8.49366,4.72641,4.57605,34.59243,11.76387,7.82682,67.36443,57.23823,16.73668,62.81707,30.01074,11.34764,1.00000
22.15820,12.89823,9.36192,8.74845,4.80180,4.59607,34.20033,9.87225,7.31352,65.50730,62.31434,17.38503,61.34469,32.55377,12.33137,1.00000
21.68893,12.48715,9.99955,8.92764,4.33226,5.03086,34.39063,10.44925,8.45614,65.50610,58.82842,15.92439,61.39397,31.31373,10.94747,1.00000
22.20560,12.98376,10.08356,9.05302,4.70757,5.06948,34.52992,10.55655,8.19428,66.19961,61.45644,17.12407,61.83001,30.57974,11.11354,1.00000
23.13900,12.68219,8.18758,9.79146,5.05353,6.05191,34.75988,9.32711,7.96447,66.19586,58.54119,17.27754,62.00196,29.21824,11.79252,1.00000
22.41969,12.69390,10.23358,10.91730,6.01384,6.83376,35.12632,7.63336,7.05561,66.84621,59.20390,16.47948,63.02573,29.37931,11.63765,1.00000
23.00280,12.92528,9.06199,12.14334,6.47084,6.94977,35.10071,7.74320,6.85437,66.21025,59.73855,17.09966,62.24823,29.89824,11.86018,1.00000
22.03245,13.01272,10.20884,13.97238,5.74457,7.01212,36.79522,6.75163,6.81847,66.82987,60.31114,17.12240,62.60373,30.95312,11.66054,1.00000
24.09756,13.26716,9.81080,15.44559,7.26294,6.55834,37.85523,6.27187,5.63298,66.61426,65.27114,19.51543,63.07866,29.44203,12.35596,1.00000
22.80920,12.30175,12.02545,16.86712,8.44136,6.27116,39.18800,4.84088,3.88995,64.96377,65.59639,20.18352,61.50458,30.94872,13.18611,1.00000
22.29466,11.71000,10.79710,17.44753,9.66770,5.86558,42.19326,4.81755,3.53273,66.38863,65.71710,18.74758,63.21016,29.64790,12.77514,1.00000
23.31918,11.74548,8.18982,16.50318,9.72902,5.03017,43.32054,4.31210,3.90637,65.33269,69.45301,19.17117,62.19863,29.74589,12.67552,1.00000
22.27368,11.71600,8.74644,15.88201,9.58691,4.65709,44.04554,4.41571,3.92142,65.68507,67.53730,17.77830,62.25927,30.59745,12.72291,1.00000
23.02972,11.17731,7.98884,15.85297,9.99646,4.93529,44.13866,4.26831,4.03433,65.27479,68.29901,17.75551,62.19521,29.97639,12.04221,1.00000
22.51381,12.02811,8.63444,15.85144,9.49854,4.57293,43.74904,4.37758,3.88822,65.46098,68.85085,17.80850,62.38193,29.98308,12.14017,1.00000
22.29532,11.68253,7.33865,15.26623,9.25569,4.99854,43.16278,4.26658,4.29896,64.43324,68.56071,17.61937,61.55423,31.04217,12.12826,1.00000
22.12582,10.83622,6.31726,13.00151,8.44536,4.40812,43.52218,5.10676,4.76014,64.66220,68.87951,17.66316,61.31458,31.22469,13.21176,1.00000
21.76624,10.80872,7.02757,10.91333,7.02918,3.36012,40.94531,5.83357,4.11547,63.95829,72.73904,17.61037,61.38198,30.21273,13.60070,1.00000
22.09022,10.62478,6.19844,10.76106,7.60721,6.89330,36.95976,4.86859,4.83532,64.00348,65.45437,15.15323,60.56887,29.27760,12.85920,1.00000
19.05501,11.61101,6.72732,23.26551,5.85147,4.14259,34.59388,6.19476,5.46812,63.72134,66.44380,18.65849,61.10328,32.68472,13.02883,1.00000
18.27235,12.66551,7.65113,30.38728,6.74508,4.56779,34.87398,8.04969,7.14257,63.41589,63.43447,21.20516,61.22132,35.06331,15.78526,1.00000
22.25782,12.16304,3.34101,37.06112,7.31813,4.68487,34.78622,9.04853,6.72878,64.83562,60.68232,22.25591,60.55930,30.10536,15.28828,1.00000
22.00025,12.04521,2.12850,33.75699,4.68023,5.41207,33.75843,7.51985,8.32925,62.41342,60.21850,20.87884,60.00357,34.54034,15.98311,1.00000
21.86210,12.50728,4.07207,39.07166,4.53418,5.57443,32.19386,8.62792,8.58017,63.75507,57.98205,21.62597,60.50239,35.93488,15.83959,1.00000
20.98776,11.07669,4.92654,37.73100,3.00928,5.59564,29.97619,9.80950,7.83405,63.34250,53.38600,20.32989,60.03348,36.12994,15.76225,1.00000
21.78571,12.97324,6.56377,42.80074,1.58701,4.28886,30.53531,10.44137,7.28160,62.85971,61.27586,22.40446,61.61725,37.10918,16.25575,1.00000
21.53255,13.23480,10.76656,45.21137,1.29274,4.48505,31.34521,10.29993,6.20970,63.72213,70.85108,23.54571,61.84973,39.96683,17.20473,1.00000
22.63630,13.55366,10.25474,45.12538,1.97824,4.76727,31.14009,10.23138,6.44127,63.27213,68.46149,23.42065,61.71145,41.58695,17.81163,1.00000
22.28667,13.26863,10.01406,37.96307,3.14612,5.32619,30.53225,10.49079,7.74030,65.07069,62.34864,22.54051,62.75038,38.16773,17.60394,1.00000
21.23224,12.84451,8.78913,44.10258,1.09420,4.61540,30.60401,10.29415,7.07808,64.45143,64.00103,22.35330,61.94568,39.44002,16.73243,1.00000
21.00129,12.51552,9.97420,43.32793,0.96822,4.64560,31.25389,10.39652,7.03775,64.91020,62.55775,22.19723,62.05435,39.24927,17.01550,1.00000
21.39263,12.78493,11.21225,41.11773,1.10686,4.83099,31.34617,10.82336,7.20101,65.97392,62.32823,22.08200,62.58316,38.23148,16.98509,1.00000
20.57834,12.00012,12.55400,42.64745,2.10760,4.29285,31.00137,10.30459,6.39503,65.42117,64.24429,22.22105,61.96443,38.66885,16.31441,1.00000
20.66859,11.86687,10.36975,44.11922,1.31513,4.46983,32.12050,10.37504,7.10981,65.57650,63.16009,22.63147,62.56616,38.61241,16.94733,1.00000
20.45250,11.78271,11.89762,39.46253,1.26039,5.66398,32.21516,10.31324,7.45051,66.72954,60.69199,21.80261,63.10926,38.51298,16.95105,1.00000
20.14836,12.39104,11.66422,41.02570,0.84515,5.39739,31.42042,10.12589,7.42432,67.55064,56.83180,21.18136,62.92227,37.45668,16.19784,1.00000
21.67157,13.03494,9.89713,41.01887,0.85126,5.39863,32.36092,10.68603,7.73081,67.28610,58.30041,22.02684,63.40065,38.01247,17.19717,1.00000
21.89757,12.85552,11.13839,42.24178,0.81470,4.70708,30.96544,9.30765,6.87660,66.97037,58.89679,22.15565,62.75439,36.64779,16.53979,1.00000
22.24385,12.67144,9.63629,42.98384,1.17494,4.63314,31.42424,9.77160,6.95559,65.60299,61.49829,22.28331,62.58082,38.63899,17.00185,1.00000
22.47668,13.02796,9.41778,43.49729,1.43136,4.85050,30.43261,9.31721,6.95484,65.57686,60.83176,22.55620,62.96637,38.71481,16.79413,1.00000
22.37298,12.75228,9.71511,42.29641,0.66045,4.67278,30.15322,8.87262,6.47829,66.07959,59.31343,21.56579,63.18697,37.90858,16.13123,1.00000
22.81916,11.97072,9.85194,36.27306,2.48893,4.85955,30.95972,8.38949,6.59215,67.12662,62.82638,21.38974,63.00410,35.80229,15.94753,1.00000
22.54835,12.60803,9.88737,34.11850,2.97792,4.81213,30.06189,6.70675,6.55170,69.25652,64.26737,22.14260,64.49158,34.89149,15.44679,1.00000
18.51836,12.01396,14.64493,27.59715,4.53484,4.74924,28.33117,6.09211,6.64212,68.23086,65.39299,22.32223,64.94559,35.23489,14.99283,1.00000
17.13902,12.85803,10.00427,24.33885,5.08419,5.47743,34.86698,10.02622,7.70316,71.04076,62.54222,23.15994,68.45043,31.48136,15.56149,1.00000
18.63010,12.57789,10.65014,13.16126,5.00101,4.07733,33.56664,5.44919,5.67964,70.36039,63.12629,20.71299,68.10867,30.17301,14.89260,1.00000
19.07545,12.49398,15.19317,8.90713,5.84303,3.87665,38.97072,7.46707,5.56622,71.24299,65.26528,17.37297,68.22609,30.03394,13.12851,1.00000
20.67372,11.74961,13.81775,8.34231,5.80878,2.98416,39.98495,6.44604,4.87612,69.76392,69.54332,18.23641,66.49530,29.86299,14.82243,1.00000
22.12378,11.65402,7.38938,9.21402,6.42818,1.86002,43.70362,5.37025,4.19653,68.99470,69.02525,17.82575,65.85200,30.61028,13.91798,1.00000
20.96453,11.39026,8.13443,9.59880,8.90786,1.61125,48.11491,5.24307,4.37215,68.71994,73.61260,16.79617,65.03045,32.01584,13.11270,1.00000
20.35151,11.90845,6.72169,10.42766,7.85884,1.06033,51.48272,5.22816,3.99084,69.67301,74.00961,17.44482,65.00104,32.85484,13.04791,1.00000
20.73371,12.17807,6.36230,10.59346,7.23046,0.51489,53.91368,5.47409,4.64836,69.70886,76.67717,18.03432,65.52511,34.89115,13.40632,1.00000
21.12644,11.61371,6.02836,10.15537,7.71567,0.78614,53.03070,5.23519,4.51636,70.04909,74.06414,18.48178,65.31038,33.61900,13.44482,1.00000
21.75448,12.02752,6.85751,10.50939,7.75726,0.80032,52.97267,5.71248,4.90263,70.46752,76.48415,17.80259,65.95684,32.56432,13.33671,1.00000
21.29608,12.02444,6.27124,11.30482,7.26510,0.68237,53.51785,5.75389,5.52279,69.97574,77.51847,18.03242,65.62376,34.54860,13.60849,1.00000
21.42499,11.66371,6.24125,11.06819,7.96869,0.80931,54.69079,5.50270,5.85899,70.18824,76.74523,17.60667,65.85583,33.87151,13.38070,1.00000
21.44049,11.91245,4.39728,11.45077,7.59989,0.44608,55.51902,6.63762,6.34116,70.03353,77.95300,16.32243,65.78437,35.44529,13.03566,1.00000
21.88000,11.63672,5.68359,11.05773,8.21624,0.99903,56.53525,7.02856,6.43852,70.05512,78.58110,16.43478,65.77129,35.61218,13.15317,1.00000
21.82298,11.71481,5.81582,11.02958,7.15757,0.65311,57.13917,7.95968,8.02254,69.98911,80.12528,17.48460,65.30360,35.90137,14.06762,1.00000
22.10688,12.15405,8.26654,10.38650,7.21072,0.65735,57.81563,8.45053,9.13592,70.19466,82.23029,17.57629,63.87708,33.52319,12.53871,1.00000
21.88772,12.43137,9.27052,10.20333,7.34326,0.79113,57.76400,8.27181,8.77430,70.43362,81.92301,17.60405,63.17570,32.94360,12.38638,1.00000
21.88956,12.44782,8.61329,10.26048,7.46547,0.81896,56.17051,7.34749,6.12902,69.92333,80.67803,17.35358,63.03241,31.94877,13.20376,1.00000
21.76444,12.02272,7.20018,10.07430,7.14820,0.82101,55.42230,6.84092,5.82017,69.51441,80.67104,17.52621,63.33970,33.49045,13.51187,1.00000
21.49933,11.26873,6.06459,9.84009,8.02903,0.97327,54.72767,6.16957,6.18639,69.60948,80.07455,17.31677,64.50332,33.31569,13.65798,1.00000
21.70778,11.36158,6.30644,8.98930,8.70923,0.96709,51.91868,5.94207,6.15013,68.98932,77.98163,17.08103,63.97756,31.24587,12.57725,1.00000
20.66745,10.76673,6.09387,8.25781,8.21670,0.98340,48.63342,5.15636,4.53845,68.10347,74.98820,15.43257,64.51288,30.43476,12.20785,1.00000
19.78357,11.10204,6.53799,12.24992,7.36950,2.28731,42.93707,5.33408,4.32934,65.11702,70.90529,15.33044,63.52262,30.25686,13.47281,1.00000
18.92006,11.47530,11.25808,25.38000,6.64095,3.25738,40.34381,5.31491,5.46688,68.03329,66.18131,18.89140,66.00839,33.16462,15.11321,1.00000
17.08971,13.14682,11.37349,30.50113,6.96949,3.87063,37.11072,7.25263,6.23047,66.75217,69.11189,21.40890,64.52280,34.09291,14.36369,1.00000
19.49563,11.35163,8.02437,31.37251,8.17405,5.07280,36.38380,8.83453,6.68775,66.98550,67.64756,23.03873,65.40458,31.64818,15.44812,1.00000
21.08172,11.99334,6.82666,33.31226,7.76570,5.03664,36.38404,7.85940,6.52592,67.53058,64.90045,22.55927,65.43364,31.65650,16.09684,1.00000
23.06270,12.97712,5.96456,38.43473,5.03678,4.87435,34.67233,6.90362,7.20695,67.89588,64.32418,22.26772,63.96412,34.39892,16.15322,1.00000
22.54978,13.07740,7.87595,40.03790,3.33479,4.83160,32.65869,7.41047,7.37737,65.77152,59.14364,21.67286,63.16582,35.27122,16.47143,1.00000
22.91497,12.78106,7.15191,42.81380,0.89659,4.85475,32.23935,8.84896,7.12317,67.13413,54.34807,20.05858,63.66119,34.68210,15.12703,1.00000
22.83705,12.40115,7.72116,43.38647,1.85411,5.19109,32.01170,8.83691,6.81196,66.01962,56.06321,20.82156,63.78805,35.97560,15.68304,1.00000
22.76005,12.52193,8.60270,43.92900,2.04786,5.24038,32.03397,9.52962,6.79246,66.50534,56.28891,21.31130,63.38017,36.31420,16.16432,1.00000
22.12692,12.67412,10.19573,44.16285,1.14133,4.44411,32.76411,9.73565,6.70216,67.31806,56.69018,22.17748,63.76662,35.99631,16.51662,1.00000
22.01647,12.74900,10.14345,44.70817,0.82334,4.77318,33.03572,9.08089,6.44505,67.78346,60.96011,22.10562,65.39406,35.61676,15.61744,1.00000
22.43891,13.16906,10.20764,45.01612,1.88664,4.84003,32.92218,9.20638,6.35088,67.81728,61.15065,22.29752,64.89463,35.40280,15.70392,1.00000
22.08320,13.23932,10.77553,44.66218,2.54353,4.99503,32.55088,8.58794,6.12690,67.52870,59.85003,22.09662,64.28234,35.96938,15.81857,1.00000
22.68028,12.49678,10.59344,44.36390,2.45949,4.91026,32.72471,9.19424,6.16661,67.69053,59.53134,21.74114,64.49706,36.23177,15.89173,1.00000
22.59867,12.75590,9.97573,44.47652,2.60186,4.68976,32.34621,8.85974,6.10745,67.83120,61.77880,22.16841,64.51084,35.62776,15.43791,1.00000
23.01987,12.49753,10.71738,44.84991,1.32778,4.43217,32.72136,8.82152,6.24681,67.09638,61.13929,22.02788,63.82546,36.38728,15.57874,1.00000
23.88539,12.93568,9.14288,44.97504,1.09165,4.98584,33.04855,8.44247,6.49292,67.66135,62.06038,22.36020,64.43392,36.90948,15.92407,1.00000
23.53927,13.00813,9.29349,43.40847,1.01309,4.79412,32.65501,8.26026,6.74304,67.62433,56.51594,20.81830,64.37197,35.90419,15.09725,1.00000
22.83171,12.35276,9.68512,43.15338,0.65246,4.44251,33.12121,7.78926,6.52264,67.56834,57.43537,20.78984,64.48759,35.03206,15.07788,1.00000
23.00942,12.43163,7.98641,38.71606,4.32987,4.57038,34.60138,8.62759,6.47952,68.99593,62.63262,21.39385,63.73854,34.14571,16.07802,1.00000
21.73431,11.17615,9.07328,35.61970,5.86489,4.99938,33.35010,8.50307,6.66464,68.15161,62.79676,22.47258,64.18648,33.78020,16.12795,1.00000
17.56324,12.49649,9.66476,29.95328,7.10333,4.79823,33.17312,7.74270,6.61769,67.63520,69.71225,22.97656,64.76622,34.62846,14.96635,1.00000
17.33953,13.42987,9.41667,33.99104,8.63585,8.57343,37.66767,9.83898,7.66489,69.81824,62.24973,22.27460,66.65216,32.41453,13.54046,1.00000
16.74137,12.51105,10.13151,27.29666,6.60700,4.58924,34.65140,7.60486,6.51402,67.98674,66.71124,23.07466,66.55890,31.21277,14.99794,1.00000
19.95272,11.86246,7.04462,21.34489,7.17613,4.18914,37.80497,6.28651,5.64247,70.02159,60.06759,20.37053,68.48532,27.56739,14.76124,1.00000
19.69579,11.66556,11.87701,18.27575,5.82409,4.14157,36.51130,5.81292,5.77090,69.11125,62.89620,19.48898,65.17839,31.12250,13.37767,1.00000
19.44251,11.37858,11.31460,13.05631,7.06735,4.50557,40.19863,5.89065,5.18733,68.86881,67.96667,17.15677,64.99753,32.12520,14.51555,1.00000
18.36406,11.25321,11.24785,10.48362,7.84437,2.50897,45.01889,6.12859,4.21325,68.29974,73.04988,14.97760,65.82701,31.65677,12.52136,1.00000
18.97002,11.83196,6.24589,9.99691,8.86133,2.02674,47.48871,5.14449,4.26919,67.09806,73.16428,14.83194,64.60184,32.68255,12.76019,1.00000
19.28223,10.92739,7.18663,10.26572,9.39565,2.03615,48.29899,5.46021,4.22200,68.26088,73.56130,15.00801,65.07080,32.02762,12.87455,1.00000
19.79361,10.30653,6.03462,10.45282,9.61633,2.32357,48.23885,5.75751,4.03059,69.04659,69.49476,14.80760,65.30826,30.89195,13.08418,1.00000
18.80039,10.91160,6.86853,10.08409,9.45419,2.04769,47.93739,5.73500,4.29124,68.22651,72.04436,14.22809,64.39892,31.76544,12.16767,1.00000
19.08700,10.55779,7.20837,10.21602,9.41125,2.24070,48.87983,5.89305,4.38384,69.50254,72.82527,14.52465,65.36778,30.99551,12.74705,1.00000
18.34938,11.70283,5.90877,10.56512,9.81304,2.10417,48.48031,5.23901,4.74245,67.88770,74.48429,14.82009,64.03733,32.31412,12.38553,1.00000
18.75640,11.07195,7.95407,10.91406,10.10976,2.17956,49.30012,5.48115,4.91543,69.38445,74.64085,14.83809,65.00691,31.23377,12.69354,1.00000
18.37889,11.77447,6.65558,10.50209,9.88497,2.17315,48.82641,5.26466,5.05613,68.24887,75.76524,15.31922,63.93821,32.55883,12.49042,1.00000
19.23481,10.77025,7.44274,10.78166,9.85220,2.38297,49.66378,5.52146,5.30454,69.71782,77.51569,15.35163,64.80542,31.61659,12.81203,1.00000
18.84749,10.72774,6.27277,11.03293,10.17260,2.46558,49.18476,5.32853,5.02184,67.92577,73.53621,14.87883,64.10102,32.16372,12.96808,1.00000
19.12068,10.56904,6.89508,10.73531,10.26627,2.07884,49.36646,5.85035,5.01667,68.89589,74.79984,15.45336,64.46720,32.26297,13.82911,1.00000
19.20661,10.31674,5.67797,10.96212,9.68234,2.46089,48.59326,5.57207,5.13967,67.42415,70.58011,14.61283,63.82706,32.66771,13.21726,1.00000
19.35189,9.93152,5.84890,10.44729,9.35459,2.56519,48.66202,5.94939,4.90104,68.46781,68.16193,14.16696,64.37390,31.51522,13.46638,1.00000
18.58542,10.45971,5.49273,10.64259,9.27546,2.55118,47.93851,5.92459,4.81550,68.48052,69.95354,13.64150,65.23955,31.63624,12.09526,1.00000
19.63140,10.22955,6.28803,11.97702,8.85386,2.62419,45.91368,6.39419,4.78226,67.99731,67.97263,15.32555,65.17025,32.30023,13.08304,1.00000
19.90005,10.97573,7.06377,15.58174,7.73574,2.98815,42.23149,6.58817,4.95063,67.48292,67.40566,15.75500,64.73249,31.53023,13.51141,1.00000
18.93873,11.12620,6.83511,27.25915,4.50655,3.94755,38.47019,4.55564,5.39768,66.07068,61.18207,17.90380,64.42563,31.28807,13.91102,1.00000
18.18599,11.99363,7.33934,33.48099,7.96327,4.01839,38.74577,7.23090,6.45911,66.24327,62.56624,20.44785,64.42539,31.90243,14.79571,1.00000
19.08419,11.91503,4.48480,34.91809,8.36594,4.03123,39.03142,7.71214,6.79776,66.86204,61.37602,20.59292,65.17101,31.76421,14.77532,1.00000
22.15759,12.40914,3.51078,36.78945,8.11525,5.39571,37.94240,7.46551,7.00762,68.37535,57.54292,21.76125,65.51142,30.57608,15.72227,1.00000
22.52382,11.21100,6.67461,40.28930,3.69344,4.40187,35.51932,7.69460,6.82688,67.22138,55.08577,20.38363,63.45724,34.44175,16.32442,1.00000
22.09920,13.13540,5.16363,38.61940,5.15952,5.54445,36.82773,7.89776,7.88572,68.48608,52.03656,20.24438,65.01592,33.29723,16.77879,1.00000
21.65503,11.96648,6.96365,42.15800,1.63208,4.63510,34.19338,8.68560,6.71408,66.48221,51.36489,19.63981,63.04487,33.03478,15.52843,1.00000
22.25562,13.20008,5.66998,37.10934,4.93496,5.59805,35.81828,8.02308,7.56449,69.28137,50.99416,19.69616,65.08514,31.50147,15.86700,1.00000
23.69141,12.36043,5.52105,36.88612,4.48147,5.56757,35.82096,8.27553,7.15497,69.77117,49.95632,19.00279,65.67700,30.78183,15.08573,1.00000
23.41118,11.38368,5.62096,38.62893,3.96490,5.43727,34.75315,7.93324,7.22074,69.93950,50.25765,20.09708,65.04488,32.25344,15.23344,1.00000
21.20472,10.18320,8.72968,34.28945,6.63385,5.70498,35.32315,8.05866,6.72785,68.09761,54.61449,20.33062,62.49440,32.78548,14.42912,1.00000
17.99852,12.13492,7.44904,31.99150,7.05628,4.88394,37.67427,7.98866,7.14430,70.12863,57.11997,19.47417,64.71483,31.39971,13.49564,1.00000
18.72830,11.61472,7.33754,26.74006,6.94105,4.29511,36.92631,7.69401,5.71201,68.69973,60.49552,21.33013,65.67177,28.95486,15.09519,1.00000
19.08433,11.39100,5.71384,24.19395,8.50692,4.07879,39.88241,5.63472,5.30345,68.55197,57.82721,18.24278,66.95673,29.08136,13.81451,1.00000
19.02187,11.05845,6.98698,23.06915,7.81519,4.02764,39.47498,5.89780,5.58596,68.85696,57.02018,17.80417,66.61944,28.69933,13.48878,1.00000
19.02963,11.32713,8.47470,21.33080,9.21547,4.29443,42.76826,5.85117,5.17879,69.61394,59.21355,16.56266,67.03270,27.94356,13.29578,1.00000
19.31496,10.28825,7.98633,19.14543,9.94959,3.38102,46.49180,6.64293,5.29119,69.42640,61.43803,14.83561,67.02269,27.46344,13.08033,1.00000
20.04400,10.05444,5.30365,17.60979,9.94152,2.76158,47.01348,5.43228,4.84400,68.79070,59.98874,14.04434,65.23650,28.37472,12.32523,1.00000
16.59240,10.45908,5.35252,33.41387,5.98560,3.11188,44.30797,5.00350,5.37896,69.36259,59.28987,17.16079,67.08606,30.56186,12.71716,1.00000
19.25085,9.66194,2.68506,39.79233,8.26706,4.37162,42.42086,5.49861,6.32414,68.72357,55.93500,19.96180,66.02292,30.91484,15.47986,1.00000
20.68728,10.88147,4.17255,40.63417,7.29126,4.32800,41.57721,6.23680,6.71813,67.80554,54.56554,18.54347,63.73458,31.02130,14.43637,1.00000
22.08715,12.81239,3.49497,42.55174,5.65593,4.71293,38.97298,7.42863,7.40580,68.45035,52.75123,19.90786,64.52415,30.01844,14.90177,1.00000
23.07424,12.19606,1.70159,38.35765,5.08062,5.20996,38.32763,6.02395,7.44310,68.09646,51.69050,19.77544,63.76914,31.63554,16.26909,1.00000
20.90213,10.21430,5.00378,39.82928,4.98223,5.35287,34.73821,7.25311,6.87460,67.06996,50.49609,20.81722,62.04099,32.35212,15.89297,1.00000
21.33148,12.72272,3.58896,38.92744,5.36041,5.38887,35.09260,6.06837,7.07563,69.14571,51.93751,20.52359,64.71926,31.57504,15.52671,1.00000
17.21998,10.57363,5.37595,32.28827,6.18189,4.27180,36.54836,5.64408,6.17243,68.00895,55.69877,18.90237,63.31910,31.80943,13.21660,1.00000
19.72233,10.96577,5.23184,28.57041,5.64448,3.27663,41.29359,4.26170,5.21237,70.73446,53.61925,18.02436,67.97899,26.42172,14.04539,1.00000
19.89534,10.26088,6.82443,24.40790,10.10876,2.90480,45.22774,6.89619,4.76757,71.48474,51.97977,15.67153,66.86703,25.75121,12.10635,1.00000
18.21163,9.54451,6.13678,28.03144,11.71590,3.16518,50.31042,6.25326,5.03274,70.92437,54.03250,14.99655,67.58518,27.89148,11.85172,1.00000
18.57499,10.16458,3.79290,33.76347,11.59741,3.18015,51.72881,6.26552,5.23607,69.90960,51.72141,13.71899,66.48597,28.99043,11.61688,1.00000
18.87555,10.38002,3.82871,36.13657,10.40864,2.67185,53.17754,5.45159,5.72311,68.14681,60.96241,15.30154,65.46069,27.47020,11.84876,1.00000
18.35257,10.46701,1.72667,47.98254,10.24954,3.07972,47.82950,6.19726,6.30641,66.91936,59.03126,19.44970,64.48750,27.76405,13.21410,1.00000
21.07954,10.39001,3.11402,47.14182,10.07866,4.01884,47.57243,7.69927,7.54743,67.61527,54.20417,18.39975,63.67387,26.80121,14.09960,1.00000
22.28555,12.15075,4.49494,41.76234,7.72956,4.96090,43.04023,8.20658,8.04949,68.40000,49.89431,18.29402,63.82853,29.14116,14.29716,1.00000
21.12867,11.13534,4.92543,37.81674,9.13740,4.13330,46.83729,4.64789,8.32226,67.99181,51.33131,16.23680,64.42800,33.43707,15.06636,1.00000
21.14075,13.24394,5.54442,38.05171,8.76152,4.32540,44.90714,5.20889,7.91865,68.21562,50.45861,16.39190,64.85775,31.25898,14.70345,1.00000
20.92654,10.79571,5.74808,37.88224,7.60884,4.68609,43.20642,5.78823,7.67225,69.43931,50.49445,18.62011,64.41189,31.37355,16.27654,1.00000
20.33418,10.73539,8.47634,36.38097,6.60599,4.42752,38.05400,5.72308,6.32221,68.79602,56.47609,20.99908,63.92693,28.52559,14.40646,1.00000
18.75707,10.50282,5.36859,31.40291,4.58652,4.10242,38.29380,4.25974,5.67941,70.88325,55.48098,17.71807,65.72976,29.69052,12.25390,1.00000
21.17016,10.94972,6.83273,29.01810,9.32432,3.32753,43.65316,6.02146,4.83939,70.32231,58.03117,17.62826,65.51080,27.83064,13.21518,1.00000
19.61751,10.82298,4.06577,36.12153,5.15245,3.43388,46.54736,4.96106,5.29758,71.41448,53.74369,15.42083,68.08711,27.54479,11.57893,1.00000
19.33841,9.67846,5.23033,47.14817,7.61606,3.54003,49.61293,5.31033,5.60105,71.44124,53.57791,17.35767,66.35161,31.89749,13.96798,1.00000
21.57323,11.20932,4.74680,41.11214,9.11199,3.31547,52.64232,4.28683,6.30468,72.76716,54.51756,17.07672,65.98778,30.73758,13.69716,1.00000
23.21613,12.25578,5.41074,38.15924,6.17850,5.44043,40.10518,6.99902,7.82305,71.38260,51.19573,19.91889,65.60742,30.43925,15.55086,1.00000
19.74442,8.81557,5.56351,37.31527,6.95479,4.64566,39.14017,6.27752,6.40939,69.28812,52.48615,18.91166,64.49074,30.48208,13.70169,1.00000
19.88708,10.15466,6.07282,37.92810,7.04792,4.81592,38.83759,4.97541,5.96284,71.53388,54.29993,20.29963,66.88456,28.96754,14.20874,1.00000
18.95739,9.48481,7.48784,38.97105,7.13172,4.54735,39.58704,3.86903,6.06632,71.17129,55.84050,19.62453,66.03092,29.62144,13.74104,1.00000
21.51610,10.86700,4.27534,39.80186,8.21953,4.24959,43.59213,5.83684,6.54316,72.89661,53.87320,19.04675,68.47686,28.81835,15.54120,1.00000
21.48239,9.50377,6.16929,41.59135,7.50639,4.27968,44.71062,7.98735,7.34957,69.24707,55.08530,18.85045,64.33578,32.26614,15.47309,1.00000
22.03489,10.78618,3.85439,41.12115,7.56856,5.00117,44.54390,7.72405,7.44621,69.55576,52.54941,18.92989,65.57895,31.98067,16.06036,1.00000
21.68296,10.95040,5.77649,40.36871,6.71570,4.83282,43.99871,5.60219,7.04548,70.02071,50.95574,17.83278,65.91307,32.44173,15.09877,1.00000
22.23644,12.18186,4.31003,37.65549,7.27750,5.05232,41.44934,6.37819,7.72861,73.37711,53.91989,19.93473,68.79513,30.52638,16.20056,1.00000
22.53821,12.08323,6.64387,40.04056,7.17524,4.27936,41.03427,5.66150,6.98173,70.46376,55.36765,19.94349,65.38353,30.66205,14.67625,1.00000
17.79602,12.18592,5.40099,37.55401,6.79317,3.76770,40.91981,5.68196,6.24791,69.24143,63.03750,19.90051,66.11259,31.71962,13.73942,1.00000
20.45095,11.24286,7.23183,31.90085,4.45768,3.90704,39.88606,3.76328,5.39298,70.60716,64.93331,20.28687,67.85584,27.06741,13.61704,1.00000
19.32845,11.96469,9.20239,30.84202,5.05706,4.45277,45.03156,4.07060,4.89748,71.42627,67.68500,17.86464,67.62575,30.21877,13.18827,1.00000
19.33322,12.10874,9.33502,29.73484,4.76749,4.38531,45.28345,3.80502,4.45193,71.52576,65.12783,17.63132,67.54217,31.56374,13.67021,1.00000
18.53760,11.47015,10.18169,27.16379,5.10865,3.15081,50.51002,4.76188,3.78147,74.47556,66.12312,16.26279,69.44411,30.47406,13.02968,1.00000
20.50282,11.40164,8.76146,24.25076,4.75334,3.33594,51.00858,4.94276,3.80587,73.88708,64.75347,16.77007,69.44798,30.51756,13.11926,1.00000
18.78665,10.62527,8.10199,23.25947,4.24215,3.20687,51.17681,4.80206,3.63052,73.07438,64.64400,16.10125,68.54153,31.33824,12.92456,1.00000
18.36564,11.26135,6.57506,23.84995,3.84937,3.01616,51.64098,3.84186,2.96045,71.45955,69.94346,16.61880,66.68189,33.05683,13.01413,1.00000
18.09508,11.97788,7.90848,23.87747,2.75977,3.54686,53.26916,3.89036,3.31116,71.15211,76.08600,16.92231,66.23199,35.60865,13.08405,1.00000
18.12942,12.24685,8.36469,23.05788,0.91255,4.62206,54.26024,4.13801,3.22814,71.63566,74.52441,16.29948,66.15245,36.96185,12.57185,1.00000
18.95244,12.45856,6.62229,22.98027,2.90212,7.31420,55.15938,5.61093,2.82640,71.80412,72.75344,16.84222,66.63061,38.37741,12.82144,1.00000
19.40936,12.82621,8.58825,23.39734,6.66060,10.12536,60.56745,18.64783,7.69030,73.62922,73.58342,17.78178,67.06730,42.37863,15.59713,1.00000
22.27156,13.26740,9.09670,22.18065,9.92258,12.93698,62.14280,38.64996,14.51970,74.95508,80.87085,19.91927,69.63196,49.68440,17.74528,1.00000
24.03586,10.49533,10.49379,27.80325,35.20599,29.61572,70.88216,91.80019,32.74421,77.76537,97.96839,32.71157,80.44086,81.71583,30.98432,0.00000
22.99719,10.82125,6.59253,34.58715,27.00358,18.49730,73.44957,95.50650,31.88879,77.94023,101.74805,32.44836,79.89472,90.53112,33.14456,2.00000
22.47703,11.03779,6.68902,35.83478,24.70165,15.15018,74.92647,93.82372,32.07535,78.34523,101.49846,32.49098,78.20498,89.42525,31.14562,2.00000
22.54505,11.12515,8.07148,36.45063,28.68250,16.12657,75.55449,96.50112,36.99649,80.32532,102.70420,38.09366,81.03413,93.49879,37.28713,0.00000
24.30857,11.00709,6.97413,37.51532,37.42227,18.02154,77.29344,97.77825,40.16058,82.03546,103.28631,41.96595,81.04123,96.94976,40.03019,0.00000
24.92909,12.30411,5.34428,38.25899,44.25858,21.39084,76.03942,98.65532,38.34700,81.10762,104.50888,39.85457,79.57602,99.68384,40.06574,0.00000
23.68370,12.35401,6.91927,37.85231,44.03941,24.23420,77.93237,98.10266,39.66559,82.77706,104.20460,41.48069,80.33929,100.10265,40.66117,0.00000
24.06017,12.80909,7.58235,37.34216,41.12183,19.47472,77.87388,97.49002,40.22486,82.78544,103.58824,42.15509,80.42133,99.42845,41.65768,0.00000
23.29771,13.37779,7.25656,35.52379,44.08631,20.60756,78.93166,94.95843,41.10582,84.07005,102.07740,43.30440,82.64521,97.00891,43.11479,0.00000
24.12637,13.28796,7.49788,35.46176,45.86840,21.03028,78.86124,95.41572,41.16798,84.59859,102.47399,42.63797,83.37329,97.33847,42.95862,0.00000
24.69096,12.78817,6.53924,35.91358,48.45458,25.19396,77.61485,96.20583,40.88332,84.75091,102.56514,43.01390,84.47874,97.50671,45.42289,0.00000
27.69931,11.62141,4.90786,37.49324,52.83157,44.43653,57.59210,96.10772,37.55948,80.02292,99.81033,44.23824,83.77455,94.15500,48.07915,0.00000
26.04673,11.29182,3.09010,49.40736,75.98763,37.81925,63.03164,102.60431,36.64377,81.39109,101.74150,45.06683,85.01357,93.97338,49.43621,0.00000
22.13826,10.34775,6.73618,61.88167,90.98683,28.44193,73.75477,102.85782,39.97908,83.97346,102.30016,48.04170,86.11740,96.31711,51.02304,0.00000
20.40747,10.15106,6.61976,65.22809,94.33599,35.56247,76.72214,101.78802,49.10932,83.60444,103.97179,51.03408,83.96637,99.23745,51.03572,0.00000
22.92752,12.41213,8.46383,68.64411,97.80937,42.38157,78.55292,103.13765,55.32761,84.63708,104.90464,54.43931,86.06756,99.59566,53.59718,0.00000
22.19546,9.32385,9.49877,69.49089,96.45653,40.07811,81.07365,100.54021,52.95675,86.29801,103.85691,53.69095,88.53417,97.59720,55.39281,0.00000
20.63460,7.06336,7.33439,71.97398,96.29790,38.74684,81.90710,99.91260,51.05310,86.16818,103.22554,50.61087,87.53718,97.23119,53.02672,0.00000
22.17249,6.83655,6.64860,73.53522,95.61500,39.28859,83.01100,99.39795,51.73755,87.37098,102.81464,52.53323,90.50031,95.23062,56.38008,0.00000
22.98340,7.76758,4.66139,75.58842,94.68808,38.32525,85.32991,97.93131,52.07461,88.28264,101.86928,52.07140,90.98853,94.83770,55.71919,0.00000
25.29943,15.29793,5.46213,73.61419,93.56168,35.92484,84.28086,96.45206,48.85494,87.35370,101.38936,50.91275,89.34124,94.93103,55.08410,0.00000
25.56981,13.28509,4.52094,75.35515,94.22048,36.21864,85.62587,96.93333,49.09291,89.02503,101.12413,50.40161,91.85485,93.57327,55.61327,0.00000
24.57635,15.47722,6.12311,74.37580,93.92526,37.34377,84.42339,96.85349,50.82992,87.95073,100.83416,51.72109,91.43227,92.58066,57.26005,0.00000
24.43078,15.18988,6.07375,76.26122,93.65671,35.94346,84.34716,98.62748,47.18432,88.46457,102.19540,49.49778,91.68847,94.42547,55.52419,0.00000
24.50953,15.68013,7.21650,75.68209,93.36287,38.56303,84.27333,97.30670,50.37405,87.60644,100.93105,51.20964,90.04360,93.57155,56.38262,0.00000
24.11229,14.04534,4.93844,76.44750,93.41372,35.87093,83.70984,98.82120,46.17970,87.87382,101.98354,48.50309,90.68516,94.26055,53.90798,0.00000
24.61760,16.82161,7.27462,76.73043,93.25135,38.01457,83.81582,97.77832,49.02010,87.16339,100.98062,50.07943,89.96421,93.56996,54.71659,0.00000
23.69676,13.19366,4.58154,78.46223,92.60644,37.51898,84.90266,98.02081,47.12689,88.55676,101.02815,48.89349,91.22275,94.10488,53.32844,0.00000
24.07188,14.18802,5.93735,77.84084,92.99366,38.31885,84.59467,97.96987,49.31384,88.08237,100.90035,50.82125,90.52966,94.42299,55.05876,0.00000
23.41568,11.18812,4.11311,77.78468,92.59677,36.22633,85.31073,97.40646,46.80025,89.06395,100.69147,48.97024,91.53238,93.81973,53.05091,0.00000
23.39821,12.55876,5.33497,77.90831,92.69168,38.25842,85.34632,97.14581,49.19489,88.72430,100.34518,50.79489,91.15623,93.84209,55.11094,0.00000
23.03982,11.62423,5.05369,77.33511,92.46185,35.88821,85.05887,97.21057,46.85149,88.80524,100.53274,49.43228,91.31139,93.47036,54.54915,0.00000
23.46877,12.74225,5.35970,77.68330,91.93544,36.87958,85.45237,96.50013,48.43469,88.79738,100.04548,50.63343,91.19221,93.34926,55.48415,0.00000
23.70570,15.01626,7.95135,77.42546,92.07876,35.91781,85.12033,97.19545,46.29255,89.40801,100.26562,49.35812,91.90129,93.35881,55.35718,0.00000
22.29865,12.48759,6.36575,77.64532,93.52707,39.02986,84.75506,98.23750,49.72905,89.15799,100.09733,51.94856,92.36926,92.91922,56.33255,0.00000
22.74997,13.29608,7.35607,77.00130,94.58164,37.72358,84.74861,98.58423,49.42646,88.96936,100.49432,52.15218,92.21167,93.19029,56.94852,0.00000
23.86336,13.86110,7.19902,76.66191,94.19738,37.66272,85.34536,97.77975,50.18517,89.94803,99.92380,52.49903,93.15058,92.59650,57.07582,0.00000
24.93865,15.49878,10.72840,73.92476,95.44806,36.41510,82.93706,98.58544,48.79112,88.50881,100.43147,53.12786,91.43211,93.24522,58.20402,0.00000
25.49430,14.37820,6.90288,73.94188,94.77845,35.24238,82.64414,99.05920,46.68932,88.44220,101.11811,51.50344,90.86051,94.45878,56.25258,0.00000
24.51208,15.04436,6.00400,74.50694,94.79019,33.91046,83.38827,98.78989,45.59707,88.30326,101.51942,49.75937,90.68169,94.39375,54.76162,0.00000
24.56151,15.13571,6.25261,74.35127,94.73652,33.07953,83.49853,98.41049,44.36009,88.16268,101.48006,48.86519,91.30713,94.20593,54.31669,0.00000
24.74969,15.43613,7.75473,75.03697,93.56239,33.53941,84.57455,97.06386,45.30851,89.37263,100.34686,49.57932,91.51639,94.06459,54.33314,0.00000
24.23500,11.89441,6.58062,75.77922,93.37552,35.59801,84.70660,97.38299,47.83121,88.95229,100.79997,51.22146,90.48741,95.44986,54.15878,0.00000
22.62289,9.09720,5.46341,77.07494,92.03178,34.46984,86.04809,96.01983,46.04188,89.64075,100.12587,48.52803,91.92638,93.57113,52.45862,6.00000
22.01527,8.15261,4.55900,76.09586,94.09449,35.07494,86.90030,95.81023,49.76909,89.33283,99.89589,50.42889,91.92232,92.55549,54.20857,6.00000
20.30831,7.46619,4.94329,77.79280,93.91150,36.71167,87.12855,96.87335,48.90671,89.58378,100.76658,49.18389,92.33615,93.79049,53.29855,0.00000
19.83441,7.42239,5.05287,76.70998,93.77320,34.21495,85.72093,97.03144,45.76678,88.78478,100.79563,47.48932,92.11664,92.44841,53.20414,6.00000
20.38918,8.68142,5.22276,78.20848,92.48205,34.77863,88.32022,94.93566,47.46849,90.48482,99.12783,49.13721,94.51865,90.08725,55.33807,6.00000
20.48674,9.37572,5.18301,77.83386,92.09565,34.75728,87.49274,96.36206,47.14507,90.66760,99.99704,49.07283,94.04976,91.91817,54.67179,6.00000
19.19370,7.53992,5.13531,78.96349,91.11058,35.78318,87.70388,96.22233,46.69517,91.40369,99.57493,48.57163,94.59254,91.41971,53.88639,6.00000
19.91360,8.13243,5.05918,79.72039,90.94879,38.20641,88.01897,95.64713,49.24412,91.28895,98.94281,50.36214,94.79714,90.84252,55.80466,6.00000
20.44775,7.88441,5.75129,79.35804,91.79781,37.80265,87.16834,96.51406,48.52755,90.33715,99.75325,49.73951,94.50839,91.53851,55.81142,6.00000
20.47656,7.02143,5.70149,77.02436,93.44101,38.88619,86.09076,96.84732,52.40934,89.32449,99.80542,52.62982,92.83862,92.55546,56.43298,6.00000
21.10737,7.05230,5.23971,76.12470,93.65173,34.12115,85.06924,97.40013,45.49031,89.40866,100.64107,48.70286,94.33232,91.61575,56.13139,6.00000
